0.13842008105241654,0.605304396066302,-0.35232487233530185,0.2393614410492122,0.5584148525329768,-0.42026449152505996,0.33204416027986405,0.46912423363649247,-0.4734713525441945,0.33909443608247636,0.3686989902588069,-0.5262135953573048,0.26475772849046586,0.33948800555192826,-0.5783593595889867,0.25806645146333573,0.1978580116363704,-0.43508242973364,0.28857216826402543,0.03489271393739579,-0.4953771472839177,0.30510751000367997,-0.0758451760677159,-0.5300192625192464,0.3184963821502864,-0.16980087169683578,-0.5519415528444112,0.17101434460603593,0.19527313700639604,-0.4380505324271977,0.22942510834657548,0.18465707293474076,-0.5363854111102879,0.23587087384187577,0.32301530829393266,-0.5634880454210103,0.22596935025178788,0.40693894616090653,-0.5587555260328114,0.09564266196214555,0.2270880698295772,-0.4455927849677861,0.15481171599351762,0.24713644972764848,-0.5383110583690465,0.17639694205247758,0.386016762170428,-0.5285249442724049,0.17859474411928056,0.46907440415346024,-0.4956259072688878,0.026397025498980264,0.28058645716630815,-0.45887631335533263,0.07567877164804337,0.2779560445877254,-0.5183378101257146,0.11391857853853105,0.3705124019714534,-0.5055293233064473,0.13077402702295182,0.4337135910125911,-0.47798658319986465
0.13391691998325106,0.5754381771453452,-0.34682867256108674,0.23144582465968844,0.518533026731832,-0.40021959512748007,0.3154949303039145,0.4417044873603415,-0.45565549477257017,0.3477019424804282,0.35630700544200655,-0.5145300124517846,0.28774592832408663,0.34549728587947603,-0.5726963226429391,0.23384312347255465,0.17362884239040133,-0.42798262282528166,0.26268950656734225,0.02234581664882418,-0.49085977121509794,0.2802938576110434,-0.08866598650135282,-0.524904171072619,0.29289874986491915,-0.17703529640354398,-0.5460979138246942,0.1482244487174582,0.17321459010921236,-0.43996512337841276,0.23528901294551607,0.19583508924327608,-0.5305888448587823,0.2510902638801169,0.3271320219405722,-0.5479624216190744,0.24192670539699312,0.3912541027434897,-0.5398161058060098,0.08069822744212862,0.21346894458614107,-0.4565082435242105,0.17975393489681002,0.28894284919582125,-0.5351236854425836,0.18900713876567599,0.40152338699184176,-0.5216777865520883,0.17104837850414034,0.4492670650847983,-0.49293611391700987,0.02506653026424166,0.27673993066631075,-0.47949364229358915,0.10891295031390902,0.3369381184943747,-0.5249440912834573,0.1335421259769034,0.4111461992629599,-0.513287270509379,0.12710941389880892,0.4429087992080283,-0.49174646481193784
0.112066308999892,0.5710325045832355,-0.3275417351522315,0.2231820030459125,0.4731900496729572,-0.36276118174708294,0.2929120464571674,0.3957165284403522,-0.4247150690904896,0.3334027929552753,0.3378668828257282,-0.4931745724431317,0.30230114891612125,0.3568085832842548,-0.5624806033126156,0.17962340548121525,0.16993714406573368,-0.4300257013789456,0.21189085676753117,0.03146205380045963,-0.5062427417985241,0.23332486584269596,-0.07451738879597591,-0.5528489397517483,0.2451529903658588,-0.1596793727628033,-0.5833727316609661,0.10223759248339725,0.1959845824488361,-0.45659442708409237,0.23612330391490055,0.23379592135035587,-0.5424177096835415,0.2610887689837177,0.3454080624827106,-0.5526082561961453,0.2416366739519794,0.3920250935801227,-0.548231308316354,0.05280811622225834,0.27029816343867374,-0.4863468156806271,0.2008279366739948,0.3259424371966083,-0.5625137285939495,0.22008852198206974,0.41517279579722477,-0.5440823929063122,0.1969105406054218,0.44662247135722233,-0.5198743091574948,0.0270855231531818,0.36228708460414005,-0.5208404110423367,0.15018443300807072,0.4004746480234821,-0.5627002613297741,0.18297431900584293,0.4549717707880695,-0.5435872124186795,0.17475579216563297,0.48030338718974186,-0.5227212356082241
0.0934091632302359,0.571333897584255,-0.3380552007994861,0.18680013465243134,0.44117696332293305,-0.34732336895060983,0.24111027764635834,0.3378467087681845,-0.38884476823252884,0.2902512078221396,0.2917136673863486,-0.439604739374344,0.30674464749651703,0.31952126073199066,-0.4913786078755304,0.13675729679423126,0.1688711767132834,-0.41336008412284103,0.16831113147097382,0.024794233315761416,-0.478408607370083,0.1904829268391684,-0.07911737514180389,-0.518301072246258,0.20384002971010956,-0.16651164246243683,-0.5451331163708613,0.07639182853060517,0.21311379718142304,-0.44718006504220215,0.2275249485905722,0.21751685189562592,-0.5189936037127421,0.2535656814511374,0.3208019857342795,-0.5252597953144953,0.2270117525990561,0.36799897002535614,-0.5206127489869044,0.045725805037792056,0.29943079995470795,-0.48202942562741485,0.21102715777712616,0.32264043139773163,-0.5488517458502695,0.23261053609209809,0.4042706613476828,-0.5321034516159937,0.20035709189730438,0.43021411942797455,-0.5100466783110544,0.038324636691387026,0.39740259694414887,-0.5187691028181955,0.179931116574581,0.41412289189654145,-0.5506642485920832,0.21226925896960053,0.4583019738133505,-0.527977916127865,0.19207222508745941,0.4792743449147299,-0.5063388223711893
0.07954634790556181,0.5704670703901504,-0.3307736133641592,0.1721655285848831,0.42469401722089994,-0.3411936045692707,0.22614790563719023,0.3271013057722305,-0.39251515949828875,0.2850040352834915,0.2862101948751663,-0.45199532742364656,0.3056804693235611,0.3035754120840286,-0.511732637237146,0.12725026970045317,0.16759477620260466,-0.424676708232,0.1711042082800125,0.033735767651960735,-0.4964750998721863,0.19713391428129423,-0.07365457649095308,-0.5370558940873886,0.21594889526502836,-0.1556140624986435,-0.562090098212793,0.08056826954023588,0.21939797763960112,-0.4593346708522583,0.2467662251486038,0.22493554716245878,-0.5260495686040665,0.25677414302961576,0.3211656964315628,-0.519412069867685,0.2253688133253311,0.3529208457960342,-0.507705315302446,0.06161893968717802,0.3090183890356277,-0.49563521082265627,0.23996307020323027,0.3307637131704544,-0.557855456422403,0.2423988140119766,0.40725417499677885,-0.5319708728299881,0.2028865373625015,0.4259724176420425,-0.506259768556192,0.0648785686983322,0.4102919853224014,-0.5343551927314545,0.21335341100828398,0.4279949224485611,-0.5634473108754898,0.22857357626096952,0.46649415855543364,-0.5373170667396332,0.19749625091688383,0.48195810680525053,-0.5150553875671173
0.054572178986007636,0.5691227456592864,-0.3369808276217432,0.13979874458544916,0.4318387648128814,-0.3396714951339268,0.20468659606211848,0.3254150291942901,-0.38142815325028234,0.2680249949955291,0.28263915982478327,-0.4323104927278214,0.3013546010517425,0.29685123172038264,-0.48339486214882665,0.1106415232681579,0.16569878068202204,-0.41475819144017034,0.1631264230274505,0.028906359341079657,-0.4743608543611222,0.19471658673518366,-0.07386650237805181,-0.5109645286536866,0.2158293267750091,-0.15660302433735662,-0.5360274473167115,0.06878949609034724,0.2215467831157989,-0.44988919142252737,0.2431369563602752,0.23292954173320002,-0.5148455658889466,0.24696083274119562,0.31676758733027643,-0.518146337006157,0.21132369246714777,0.34050269332163996,-0.5143983075357133,0.056372209455902045,0.31510116067164606,-0.48400499019390875,0.2393123647236175,0.33662237134211725,-0.5413011768794709,0.22959263530009455,0.3999486705326385,-0.5205321917272263,0.18806232419245905,0.40859176125758356,-0.49941904935604864,0.06581695285075373,0.4169948836826629,-0.5195271084047013,0.22202946152919,0.4283401509785003,-0.5468680420852357,0.21861041989558405,0.46378917899363703,-0.5238923588729554,0.1796316048168487,0.47333629336589045,-0.5041423747277909
0.04207521884816651,0.5742893239774085,-0.3344941826874666,0.10332563727277283,0.43099379747289185,-0.32921493264732,0.17074954717534546,0.3130245229520178,-0.3690140412829542,0.2510142943181372,0.26830893962758545,-0.4183284097991609,0.3081454655446387,0.27058905570882325,-0.4687822738371515,0.09933451025861267,0.17815339773076538,-0.4227573105774545,0.16046753733533387,0.037326278380332034,-0.4860799142799997,0.1945420524396277,-0.06506284863573547,-0.5219987163029336,0.22034299581426148,-0.14397161991220947,-0.5437905469618463,0.07340043990987305,0.24188435285466675,-0.4599082151137018,0.24553221671956543,0.23753333299535279,-0.5194596180401467,0.23628807275670533,0.31518292634862427,-0.5120304355106973,0.19962966649907593,0.33925867288487915,-0.5023545304022454,0.07230994313138489,0.33910662143605713,-0.4952867308340692,0.24740803449529175,0.3343704363622046,-0.5518297532282495,0.22309744565862183,0.39580583780187134,-0.5239401438913964,0.1826624295033789,0.41255271642583374,-0.4980934688530588,0.09152555673497681,0.44317269533055786,-0.5304577329836511,0.24385899513143067,0.42399651019948487,-0.5535244175873422,0.22783827989476685,0.45787567108052735,-0.5228972563229226,0.18625807969945435,0.47871911733525757,-0.4986735263548517
0.013021750851003322,0.5811592475608269,-0.332567806026574,0.023365660114614162,0.4255288378432671,-0.32233389140066704,0.06599105755838552,0.28449220816644827,-0.34887622621801695,0.12703965465578237,0.2062123552993218,-0.37941574071493944,0.1814100281432549,0.1665702895358483,-0.40969767560211023,0.06230221550020376,0.20796151320490042,-0.42368465055671534,0.14113391797098318,0.042888058824865016,-0.47965216775384745,0.1870645419791619,-0.05846975882497629,-0.509670974211367,0.22330500046762625,-0.13773085315671763,-0.5261127515598853,0.0758822099402825,0.2834733859733025,-0.4527699216171821,0.24938274781259695,0.21931786696466604,-0.5015987022682746,0.23073889176401297,0.2863246337607781,-0.48900629718747934,0.18194033066782156,0.318855597181646,-0.47549350698438486,0.10653610388788382,0.3773500458434502,-0.477803246574076,0.26573021571191946,0.31233639876398245,-0.5147105618282874,0.2364947334960381,0.3672150508597771,-0.4783429219290336,0.19102956215891043,0.39158065478357473,-0.4494863836928924,0.14578111331018606,0.4741843477919976,-0.5014202161594947,0.27440519492181936,0.3999585048392693,-0.5068019195362647,0.2475987807944695,0.4367121593192498,-0.4658196433350166,0.20099063078912893,0.4636947647765557,-0.43549444665160975
0.010167389209202238,0.5804664781641278,-0.3331861148197377,0.021488665635517545,0.422920613582066,-0.3258914020519641,0.06841429978125424,0.2821880868028912,-0.3533205156821695,0.1363792112421307,0.21120336561911435,-0.38383663535601764,0.1952241352152142,0.17973437815420956,-0.413880140488216,0.05975541382544369,0.21023264437430234,-0.4277302706289974,0.14125779181235165,0.04818695693724484,-0.48315191358811527,0.18704560309164853,-0.05088821143395572,-0.5122347185064045,0.22477540283911557,-0.1284578749585834,-0.5283136674810138,0.07345926671736569,0.2889087489198956,-0.4564542257834163,0.2467247536730084,0.22352275162451596,-0.5057356515575138,0.22537276058905453,0.28976091652624936,-0.4929320076156345,0.175503998095921,0.32307866125815243,-0.4792191842246738,0.10337263255827756,0.38378801851981015,-0.48141709059960514,0.26298031121008725,0.3180617383074078,-0.517857448165485,0.23224797754996152,0.3718634536814007,-0.48098421186692386,0.186481564338139,0.3952993443559918,-0.45192277521378665,0.1415766766619,0.4818561366152081,-0.5054953107286182,0.27094599514716,0.40597239046805234,-0.5101381996322361,0.2446967652391705,0.44055458813422055,-0.4690170744109836,0.19798943310492367,0.4676472237657818,-0.43904189855343967
0.010169824685417439,0.5658903327840197,-0.33870860576981937,0.012890121068321492,0.41365625533040645,-0.3360804900457334,0.0647866931813586,0.2745669093983996,-0.3622880018246543,0.1431877818959582,0.21441527279790523,-0.39019033489052174,0.21032120856221798,0.20193370255406978,-0.418158294532932,0.05363546880658748,0.21178885373052242,-0.4288346934062612,0.1416812744992602,0.048905363406502034,-0.4745177718741071,0.19016756686147335,-0.04624188867632267,-0.49733927277151463,0.2295477000134814,-0.12324873534265873,-0.5114817860466612,0.08242680701192501,0.2908078637975085,-0.4539397078496587,0.2400779930013049,0.2107098904507983,-0.4995649698120725,0.21660449179586055,0.27321000966008785,-0.4891739132744443,0.16646464737828853,0.31244738968785885,-0.47724310484949467,0.12219076427396419,0.3829813805478442,-0.4748880359274518,0.2608153429883349,0.3010981288808215,-0.5042696985346449,0.23090340765889766,0.35037471922811153,-0.4672681483370435,0.18674596222814205,0.3782579508679736,-0.4393874871474874,0.16382869156774166,0.47508206042226436,-0.4957473519188535,0.27492388161595943,0.38386627110417965,-0.4966023805481565,0.24781872900899532,0.41767420443471553,-0.4561420473200452,0.2048340645688403,0.4470001665013659,-0.4273724275571477
0.014038061781740496,0.5623049494465354,-0.33907076381421264,0.009607588930940936,0.4149253722866538,-0.3398832766684231,0.0668114182194236,0.26977477042279274,-0.3644489030698773,0.1512230393131736,0.20020112959942848,-0.3887092489162919,0.2117442247112754,0.18999156920514138,-0.413378262833738,0.04835141269764931,0.21737090317807228,-0.4299617129723069,0.13558039633832009,0.048627680226183245,-0.47266294987597435,0.18457010953030617,-0.04878270061411827,-0.4946129414597985,0.2245226260860923,-0.12788840563693016,-0.5096571090976235,0.08710253803334267,0.3005797621448997,-0.45097173185744255,0.23086563317379982,0.2031240221699241,-0.49858249159254997,0.2046842929562095,0.26636913983426125,-0.49043917091288536,0.15616530744633705,0.31143007247052223,-0.4787327143708703,0.13410732714734108,0.3934989330013755,-0.46731264324583976,0.25870559184155495,0.29284236399731667,-0.4951125773946282,0.2284518834789756,0.3396308180531028,-0.4571562427441117,0.18780097930035622,0.3729128596027854,-0.42824992717900245,0.17997560469708473,0.4804242011745933,-0.48374638886847465,0.274404084368563,0.37302443949780495,-0.4840566012422082,0.24742225377163918,0.40396586625180275,-0.4444936531940934,0.21295223204693825,0.434204733057833,-0.41637977393069237
0.013123166566512967,0.5562498986774902,-0.3396757910573605,0.0073557019287566194,0.40293053985180655,-0.3414232802523454,0.06568954587521353,0.25984231830181875,-0.36305625102875433,0.14802996516766348,0.18986986280026236,-0.3830941647237321,0.20782200694622793,0.18158416152539053,-0.402756932372429,0.0495259583050231,0.2169717967564086,-0.4270520761555215,0.138456326728485,0.049249601369522,-0.46850589215216837,0.18772498965801993,-0.04670723080096445,-0.489151197666504,0.2288707315975646,-0.12551985978541574,-0.5028371393626709,0.0923188746029357,0.300474685435913,-0.4464268341606637,0.2316894948536376,0.19344220758023062,-0.4910797953551789,0.20305250287594595,0.25133834481777945,-0.48173460661826334,0.15461449027600088,0.2960290134006957,-0.46864593326506815,0.14025161862911978,0.39277033210339346,-0.4614889875000497,0.2593573153072814,0.282086116080902,-0.48717448412833414,0.22851167321743765,0.32587532401623526,-0.44938694238124094,0.1902497828060607,0.35916857123913565,-0.4195681765621682,0.18481270671429434,0.48111395240368643,-0.47680913209376535,0.2752482116276244,0.3643436253124694,-0.4751036643928071,0.24914960265698233,0.3905947029644469,-0.43511238991675577,0.21652434468807974,0.4221082747036437,-0.40611157863793573
-0.00026486761065880327,0.5578451608946665,-0.3373295909296615,0.0006238078406198833,0.4046209906866892,-0.34869183640124957,0.06664140575436195,0.25606088393238624,-0.3778654182622091,0.15369452589062294,0.1937106704047068,-0.4035571584770338,0.2115811561873301,0.1937368368437632,-0.428076207108225,0.03771366231945594,0.23024521821049293,-0.4428407693574087,0.14084439032581886,0.0867269491484507,-0.4910529846617834,0.19803290122059425,0.0038843607237680766,-0.5168533617922918,0.24692688935307106,-0.06454633123370568,-0.5341948116490499,0.06703989260700782,0.32978813403156837,-0.46270248240920464,0.2342118477156504,0.23191122763660987,-0.5204621697137014,0.20119141095188697,0.28795944207218727,-0.5169652397105352,0.145718142919813,0.33091442339924415,-0.5055875921914236,0.10669289582279762,0.42953752034214576,-0.4782377625176565,0.25104849093464454,0.3225831841757639,-0.5113077605435506,0.21568785660770973,0.365697071485792,-0.4736339444586889,0.1726496671965464,0.3966033911040171,-0.44242284393998543,0.14778636448887428,0.5217410778334483,-0.4951872969338552,0.2602048372557505,0.41100733035114845,-0.4971589142748968,0.23114012234715064,0.43504457228687843,-0.4575204694935934,0.19250141137150367,0.4634873127272471,-0.4285776237318174
-0.023150664973012602,0.5479791935207923,-0.342211115578191,-0.0009835187671105028,0.38814892132306894,-0.3595468562421719,0.08782781918073496,0.25146360952878793,-0.3938680600700299,0.18507601578260263,0.20077355463529428,-0.42151952277397314,0.2255239661457618,0.21126850206876596,-0.44674376140808264,0.031197803807504976,0.23829491693998178,-0.47213217358564535,0.14885701496625742,0.13223170001531442,-0.5255312744853418,0.21724708635831674,0.07086642344022592,-0.5549258265969674,0.27397026379133066,0.021566140246637666,-0.573826548862211,0.045617240262277925,0.35070266087079843,-0.4909683738229195,0.23267419893766245,0.2738647635700782,-0.5505985293862741,0.2020363386395057,0.3190819199802955,-0.544631225275747,0.14157299954915842,0.35395278294111093,-0.5331382576701562,0.07410951216245493,0.45861180384183725,-0.5052110378024499,0.2420115049603065,0.37232800085569223,-0.5374386135814111,0.20715113241697153,0.40587480623746713,-0.49922187368845145,0.15601723153615793,0.42930062372709116,-0.46906199793790976,0.1080029781582435,0.5595688398602088,-0.5218593303439538,0.24610723812604746,0.4690296228649696,-0.5224348131892602,0.21664138395810922,0.47621436674619516,-0.4846999619481484,0.16429014761472543,0.4954088505032142,-0.4587605420825402
-0.016356132074602348,0.4922839188134592,-0.32329468297134806,0.027070023969404,0.33596614833234956,-0.34464738991797755,0.1270211720025461,0.22344110246061494,-0.38336443443537543,0.22456780906080415,0.20284698243498017,-0.4102519071543295,0.247362890199415,0.24193469519972016,-0.4335928476297934,0.05760789747595002,0.21768996949552705,-0.4879475003922064,0.1769757651841562,0.13550678725599458,-0.5556755429947455,0.2476905369317453,0.0807778024232309,-0.5992703056776603,0.3081552767312448,0.03744287128805329,-0.6278794324839194,0.051598199561826485,0.33781782622694184,-0.5035055792772849,0.24787715907453706,0.29353246922849824,-0.5665432280743201,0.2185622238671701,0.3231243872201364,-0.559376738115557,0.15937624211668183,0.34587375159620454,-0.5497488296473105,0.06434465284704377,0.4471217178857248,-0.5134642935240348,0.24478838677763154,0.3913692020928781,-0.54354395632387,0.21176032061933686,0.4028736733949106,-0.5022705412352164,0.15916443701147248,0.41301510568021943,-0.47253920797944854,0.08778230185865571,0.5477072977578561,-0.526436275883921,0.237505176023237,0.48777196641325166,-0.5248701042378028,0.2117129945313852,0.4788325809991281,-0.4854763961279471,0.15721184845327546,0.4850604319131296,-0.4600706762516577
-0.013504118085618744,0.4671636220209639,-0.30073927542627915,0.05299645626473831,0.3097620006792586,-0.32620820997726513,0.1609289046518843,0.211376666664366,-0.37408431655239655,0.25322103464532303,0.21008115971017288,-0.40605943685841156,0.2647103067629378,0.2622041698687117,-0.43437998032641006,0.06924259626794266,0.21739137136865067,-0.5057203177220781,0.18942439520287918,0.14344099128175186,-0.5916813615567644,0.2623013254396956,0.09496217930245804,-0.6461260024316271,0.32651931011605667,0.059741466879133454,-0.6800135079629381,0.05313506686616348,0.33801192009377884,-0.5174621347196062,0.24630445206094193,0.3123963471643965,-0.582767278314348,0.21443945133614944,0.336540400623564,-0.5660798255212267,0.1573571261160414,0.3482215996973555,-0.5536157492406328,0.056906282543424835,0.44658976757455277,-0.5234822783477266,0.2395846244089644,0.40923434460091995,-0.555827021957155,0.20678454601693558,0.4112974997751753,-0.5064249638326128,0.15338119828629898,0.41193562710214066,-0.47354109621119095,0.07270151340890335,0.5459520813219587,-0.5325796607739886,0.22756606304574417,0.5046356316797773,-0.5326516929871996,0.20747435057092117,0.4851278659098189,-0.4899488095052202,0.15553462469506668,0.480228304504637,-0.46391160821985794
-0.001141670120908933,0.4539700718987444,-0.2903167573754434,0.07016655527238636,0.2959047528374651,-0.3157525127362749,0.17362817846421985,0.2070370586979845,-0.36691664434786053,0.26149433575753955,0.21304577313546924,-0.4013110352289221,0.27551930867318897,0.26933008156900196,-0.43131500758047314,0.08607646547441272,0.20645826779489307,-0.5077392635476133,0.19409504257325916,0.13633271776323108,-0.6005820957552931,0.26682746134881763,0.09006631098871021,-0.6606674519907972,0.3326808782685259,0.05591177664880542,-0.6979062286746046,0.06271496139650135,0.3189823599923113,-0.5192096856963179,0.2520480128396013,0.30680399857644824,-0.5838793841731093,0.2283804389107683,0.3299233289826372,-0.5651857284438154,0.17900395117883472,0.3389119478333452,-0.5533621040713331,0.06276443325166492,0.4269627305138567,-0.5247994241845152,0.24367397748117237,0.4085906716454485,-0.5567665723692915,0.2138359519112566,0.4063039394486406,-0.5053522465359709,0.16000893436555652,0.4003903838265398,-0.47250548280592175,0.07630118452195911,0.5282129617798784,-0.5336265293490431,0.22818231307153491,0.5031403871643999,-0.5352867869269392,0.21061372481469898,0.48020893059854297,-0.4924617437254927,0.1585879596341112,0.46954667292718677,-0.46655483819360943
0.01583742114281622,0.4346834621069428,-0.2767942276329796,0.11034755917763678,0.2853512963888642,-0.31428868559622797,0.2095531127092835,0.20869736882424322,-0.38133710113787683,0.2827732166883942,0.22711547228074042,-0.43037639049315485,0.29213668915009466,0.2932695946333405,-0.4759906330468658,0.10790299388146368,0.2006170651552674,-0.5232945629718306,0.213829686367273,0.15132089468216864,-0.6303230622174743,0.2890608510611054,0.11100666733956305,-0.6972553530099395,0.35531445356583563,0.0880665382978913,-0.7382201650502684,0.07426091047501532,0.2991028031942841,-0.5312515595319274,0.2554120621321198,0.3159696063635346,-0.5946169295670989,0.2313952645895478,0.34064801546311346,-0.5627448954942229,0.18666355820870367,0.3398825130102631,-0.5453281202676299,0.06438403340554205,0.40455188366150824,-0.5358407297494414,0.24307151647782294,0.42175211521363226,-0.5683556893231871,0.21367140623307196,0.41646005722260443,-0.503493989384413,0.15694304319596258,0.40121044727539984,-0.4644781747224334,0.06538568946099249,0.508403559648752,-0.5458542206647399,0.21924914928650824,0.5163318714735505,-0.5560321607949736,0.20677187057709662,0.4902920326826569,-0.5129195102813247,0.1545214554903504,0.47256435962891546,-0.4869874068858627
0.01718257254535477,0.43310688322955887,-0.271126121956311,0.12419961279804032,0.2882597286122493,-0.3089760664982148,0.22027881330425064,0.2179842728989772,-0.3849575009328671,0.2851493198292903,0.2384722668545894,-0.4429494004828282,0.2965223032849483,0.30390541142398636,-0.49752695971554,0.12243638819629471,0.20167268699580948,-0.5390236836058446,0.21972243374759476,0.16000409311229508,-0.6574301879984685,0.29818098133975784,0.12274585551196854,-0.7256780427080938,0.3661635953801326,0.11009831613475601,-0.7636542778593847,0.08217702692920487,0.29464505499774735,-0.5495290320498296,0.257580085458105,0.3278593856709651,-0.615540043650324,0.24304805582935135,0.3555465776341609,-0.5691492121798345,0.20720048135692398,0.35193960255557816,-0.5385837715250799,0.06674145049030106,0.39834140128070633,-0.5569572609049627,0.24061410015994827,0.4340044695752315,-0.5893497627360174,0.2135880429166011,0.42472891396457474,-0.5017141711098501,0.1571900982278041,0.40396867579395096,-0.4447962951046773,0.06254933661395828,0.5042577225583247,-0.5711812537295171,0.21442164367610733,0.5271237332242182,-0.5855164390189,0.20706693715030472,0.5000407535451106,-0.5319853883368322,0.15800891703540604,0.4808261234181575,-0.4939292531592198
0.008717331206038847,0.4292002349249872,-0.2786693375503871,0.11780703357382144,0.29042148879690494,-0.307664166102573,0.2206557422034296,0.2332582502715143,-0.38237512567119275,0.28271258166952457,0.25824165633840884,-0.4413131148465124,0.2934333114974054,0.3132749228827509,-0.49828016468362485,0.12314549378080691,0.19640812567396487,-0.539072570288941,0.21944696000738467,0.15693733385725345,-0.6477170259602514,0.2958277492873224,0.12663221648855533,-0.7034433753140417,0.363181474720672,0.12497964790983523,-0.7317078084595647,0.08247980765028323,0.2862224607817682,-0.5541457802899328,0.25362527660055484,0.3384344606749567,-0.6056742937214818,0.23542762092275943,0.3675406604163202,-0.5455557376988378,0.20052773049993838,0.35689264825506534,-0.5071425408966985,0.06220081738157596,0.3859958677641901,-0.5663752526886907,0.2307793526999506,0.4381375937811884,-0.5881615848191228,0.2001760034911188,0.427746060406402,-0.4947658748276678,0.14761242560072269,0.40157276681585635,-0.4367355675347296,0.05279463819189395,0.4938105373732599,-0.5848225326188055,0.19804716399832095,0.5193422465674433,-0.5923422844059911,0.19046303919477786,0.4944379358641657,-0.5354553134091344,0.14378732732458438,0.47556311181707706,-0.49647965737657224
-0.021752084070035427,0.4185954086248193,-0.285591827370231,0.09971195978563169,0.31156042737405637,-0.3229771353538718,0.2126126937333856,0.2564134351674829,-0.38704307603199145,0.28187975806634763,0.29022476596277097,-0.4423107899959769,0.283432339853457,0.3594698063794885,-0.49606054502088687,0.11059493345659116,0.18327579421441892,-0.4790243305500235,0.19216505212228635,0.1553706578676019,-0.5622816927965368,0.2618140928212915,0.13908139390390256,-0.6065543838079657,0.32170317096155027,0.14199755114953855,-0.6320977159078802,0.04995635671060422,0.2571030013028894,-0.49850926774103305,0.21492657584588865,0.34253970307748655,-0.5642637558515753,0.19930610579889158,0.38119528216760495,-0.543100828700849,0.16556698603074887,0.37655303401391843,-0.527348766499349,0.014427488273790867,0.35509548110406736,-0.5168676473434652,0.18626916927736142,0.4461363903943811,-0.5607140608366217,0.16518214864175657,0.44929698628824094,-0.5092813469703878,0.12099737448137143,0.41971937341134885,-0.47443089860040805,-0.003667259984799831,0.4647952072088037,-0.5410534389551367,0.14748421830575803,0.5288721672956262,-0.558314884477445,0.14642072243135312,0.5107310764257227,-0.5201465286548819,0.10740536970537046,0.4780758969251428,-0.4945670910413947
0.0503716194726993,0.41884175182362093,-0.2566136562897865,0.17247304559727206,0.3254408562280704,-0.34855890034656034,0.26199230791111483,0.29920020938892855,-0.45627087115268217,0.30583730579395785,0.360681864032941,-0.539118704786105,0.30264821887989535,0.4346523606874515,-0.6176639175317715,0.14426464081783785,0.21736809850712313,-0.57239016651134,0.2244884693719913,0.2025223100282718,-0.6921386992834042,0.29324010253925814,0.17498371244450106,-0.7480889534852933,0.3546365225412418,0.17293611408253207,-0.7759081399343442,0.08433434606571688,0.2897805893518497,-0.5672306096456479,0.23799544812222018,0.368633421669202,-0.6331097161672543,0.21394893766422762,0.40664944292088046,-0.5742370164297055,0.18161425233860506,0.4033386433221866,-0.5361128723524045,0.051289590606885094,0.3793399655916263,-0.5659759616754483,0.21436640859623446,0.4697556221582462,-0.6024022972486447,0.1791604185201694,0.46111461759586825,-0.5123435234926175,0.1334411823846866,0.42398122192402377,-0.4569980925224255,0.03092822671909823,0.4815147245027591,-0.577401814451022,0.16487765551586642,0.5376599156953861,-0.595502046336932,0.1523647630312015,0.5124062025644351,-0.5460141575239132,0.11083483935375704,0.48273656011600985,-0.5145663893125485
0.046890296835178424,0.40595669378685384,-0.2561527386361405,0.1646908604090157,0.32566518415855794,-0.3355944670255241,0.2512799583857003,0.3101756655161324,-0.4425965614135322,0.2986570083086434,0.3635821424906197,-0.5294664419705924,0.308426984447712,0.4233857475702706,-0.6135975636060295,0.15553332199501424,0.21444917549538045,-0.5539182640130577,0.2339475833361092,0.19339744080948262,-0.6782041407640037,0.30255950321602254,0.17066390146660237,-0.7402164257581291,0.3611306034510079,0.1721669517939034,-0.7705607927854118,0.09486291636871724,0.2756573640291634,-0.5552634216363487,0.23968593110489278,0.3542345248644295,-0.6216648138577995,0.2195953809206429,0.393596240181202,-0.5632006443555412,0.18746612300323873,0.39219809402870565,-0.5228850461061058,0.056015052694553424,0.36130560268806844,-0.560253105264431,0.20686990847038655,0.4589593492929879,-0.596309206586605,0.17487300266670613,0.4469770275537911,-0.5000979519898948,0.1296947084848824,0.4076509558145943,-0.4385665572698173,0.02859754194664388,0.4579507790987435,-0.5769791818673667,0.15144956936287313,0.5262532912676278,-0.5945193983132896,0.14176131119179158,0.5020545207445565,-0.5376595474298057,0.10436806907104879,0.4711129747812691,-0.49804299245429606
0.06492057216739758,0.3889541901407252,-0.24841386228520188,0.18753549230671032,0.3158846772966395,-0.3400170155110349,0.2717290796098719,0.3096369780359278,-0.4550128452720632,0.30826100481128793,0.37656077516651254,-0.5471011720838537,0.30794557703113656,0.4445463098344813,-0.6374037288370122,0.17103793991184338,0.20446136367893322,-0.5660826586427679,0.25618585718250375,0.1999227978048335,-0.6917869471254339,0.3247803129014979,0.1834106124696742,-0.7526823006811132,0.38186254871463876,0.18474122655964,-0.7819535456838598,0.10822346580600842,0.26331558597660165,-0.5600542150678625,0.2530087508020411,0.3512620009241114,-0.6281890295686712,0.22980162275409802,0.3897039569673548,-0.5683119319620122,0.19289272797680004,0.38131716621494394,-0.5265757464113225,0.06700852287387951,0.34764924419498544,-0.557459416264533,0.21155833972072705,0.4487248338518153,-0.5930498264970769,0.17691379559612377,0.43320747984027963,-0.4954699300470342,0.13247874153232678,0.3877830780801783,-0.43327570187473197,0.03896364343738659,0.43872824085331064,-0.5672996662797918,0.14839175117588146,0.5068270839509974,-0.5847586415948858,0.13413935673809155,0.48160734546756845,-0.5290927015485754,0.09891947877979382,0.44952025783634286,-0.49033290373706717
0.08112628346991424,0.3803838897378433,-0.24207445086376755,0.2001301754147995,0.33304760939192657,-0.32174987756896134,0.2719321656854141,0.3373479056985367,-0.44073205107140656,0.30088649279188995,0.4059475470216263,-0.5416346978514206,0.3052404332787979,0.4728674698503006,-0.640860367950679,0.20166883951735382,0.21128497606825714,-0.5479141365854752,0.2790131974847305,0.2013854790360916,-0.6837096404402268,0.35097626930785064,0.1892910707623947,-0.7538363527624619,0.4090799499185074,0.18787692076277618,-0.791409809526683,0.13530940896582488,0.25105730778288726,-0.5532804619638931,0.24977711922240142,0.34137461668562774,-0.6379038583605301,0.22196365481924896,0.39174477345061187,-0.5845056068270218,0.1886986900002945,0.3813435245187271,-0.5455091785757553,0.08070317989897613,0.32398686892104034,-0.5625316690771591,0.20220835095953826,0.431395034852742,-0.6076124202578079,0.1754467595250595,0.42365358358931426,-0.5009599518148911,0.14262376314711456,0.3745163489015091,-0.4310698103277695,0.04125688559126739,0.40614746100020294,-0.5837133418886673,0.13329065925192718,0.4832939911515701,-0.6079463254778397,0.129626076284169,0.46446387058806304,-0.5469054769842636,0.104601662221669,0.4298158693940628,-0.5019266497461807
0.050677263490184865,0.3286831018843499,-0.28726422673774876,0.1408995029845086,0.3020349380888787,-0.33237399409033386,0.22194823002003106,0.2851131794371453,-0.3847032996497306,0.25766011451862725,0.3495013949789849,-0.4350165786824378,0.24451770757816704,0.42705931638859185,-0.4839012088856849,0.17286380504749688,0.11721899484775933,-0.40729635829545585,0.24684461330555352,0.13400679206036004,-0.4911743017516288,0.30749096845768364,0.14060130094669732,-0.5457763435921821,0.36819597458027276,0.15100746726177605,-0.5796737732968482,0.09488692258976372,0.12804152940891655,-0.41937478507377235,0.20843239998005303,0.33087756609104546,-0.5023554625592384,0.2005671796717492,0.37774237369678887,-0.5117980750880393,0.1825337049879876,0.3700167176642266,-0.5098322244963798,0.03271155928753289,0.199369215718731,-0.4362244668088111,0.15330111359737786,0.40302475666187676,-0.4968943955979499,0.14248209571026238,0.3896291491904107,-0.4688823583207282,0.12454541896961602,0.3338754413046685,-0.4407921495518836,-0.012149846800342479,0.2867267367758599,-0.4604382875046882,0.09093888973377617,0.43445959066532525,-0.5059477301917228,0.09588565801762017,0.413614296666607,-0.49370106185294715,0.08283298586986931,0.358254337064251,-0.47550337637282936
0.048375768792738416,0.3143413795353074,-0.29170614639005477,0.13920546902429054,0.29579068554650734,-0.33099173920143654,0.22079296244393776,0.2909876836658616,-0.3820768238781791,0.2572681440235276,0.35437781943093727,-0.43363085554827263,0.23996896876107643,0.42362423075448463,-0.48459157513369133,0.19213439358483742,0.11021520031701515,-0.40109540687788536,0.2631321681858201,0.1318040920616288,-0.47728115485895684,0.3213173283458848,0.14269025458108375,-0.5260418670057159,0.37960238589059303,0.16011826528321693,-0.5563788281558852,0.11198182238351295,0.10944606198083351,-0.41592738198031,0.21021915806542824,0.3224672807575364,-0.4888471530555587,0.19556437267075966,0.3617561591983933,-0.4951129423259597,0.1775596274257798,0.34366817606698463,-0.49297638403166344,0.04445250166665504,0.1728880239845414,-0.43505105541933586,0.15072674883614967,0.3878707422138352,-0.4904525445579391,0.14149455560456703,0.37626690996896217,-0.46334722803820183,0.1262619627834458,0.3233788741947312,-0.4371005015252929,-0.0069616304515700556,0.25569511784326027,-0.460930125582109,0.08893801106225441,0.41541154516946266,-0.5026334987758498,0.09771694077264259,0.39875836504708717,-0.4901695566057067,0.0884303881050248,0.34900696409951637,-0.47240311073053887
0.05997237936424965,0.26299634949135536,-0.293344554032889,0.1521288193838572,0.26048478857445473,-0.3323154970927263,0.2371006347315287,0.269511554397819,-0.3763045705778623,0.2662483789103007,0.3469239808695292,-0.4206296466214681,0.23364594952034706,0.4130936004297709,-0.4640897028071905,0.2120452262537455,0.09466645494866127,-0.3906103260738874,0.2834558822290873,0.13410735503601784,-0.4612868688924337,0.3430933095591044,0.1661078073160624,-0.5099200420005345,0.4044607020990824,0.20218962804245705,-0.541993286453011,0.13195345179009194,0.0876318551676249,-0.40425499900412804,0.21036634222435707,0.3100895024912333,-0.4741529486997152,0.19763371721672768,0.34729925171303505,-0.4867528639657522,0.18511188403534645,0.32995948568749184,-0.49052865429950004,0.060316685594794694,0.13991752640175575,-0.42197139187884575,0.14677885548043007,0.365095529712913,-0.4720077775342489,0.14155042544769997,0.34957543388771767,-0.4499399326665426,0.13374475017952675,0.2914216853754496,-0.4286628924233938,0.004197869457480852,0.21055636183190102,-0.4469579569919134,0.0827643014566874,0.3819179274218058,-0.4860549978835607,0.09175399319100136,0.36067346111702675,-0.4772979579789663,0.08613267914223427,0.3035732843058085,-0.4631721936090017
0.07397594283174153,0.21146585772584553,-0.28867837681712677,0.17242922614167805,0.2259913308436739,-0.32608849947501545,0.25653304884980793,0.24885907004426594,-0.3684261443202627,0.2745350820834505,0.3310466630275118,-0.4117962347452772,0.23056789467881794,0.3878378493602144,-0.45447593202043896,0.24364074299882527,0.062103323441253855,-0.37665146608997707,0.31473507712434406,0.12964164445947285,-0.44287132491518383,0.37209489176820393,0.1698174102122652,-0.48909131457258587,0.42940326760362263,0.21610935757707234,-0.5194687174742354,0.16680409739564533,0.046626381378875925,-0.3897807078545225,0.22763695548127766,0.2915653807933199,-0.4515996055786741,0.2054958565051424,0.30692043135713215,-0.46253741552282696,0.19494952986787434,0.2675191981608736,-0.4672885762636793,0.0915224177653658,0.09016149471353169,-0.4073193894808424,0.16039177010606404,0.3311582429225313,-0.45316223074842815,0.15149735639642353,0.3078205210978853,-0.4330471681540144,0.14889525602410908,0.24616744349549885,-0.4143178539459837,0.02883263657640095,0.1531378550345766,-0.43190965821195965,0.09416868517945881,0.3362111670787203,-0.469695441622032,0.10111810992311115,0.3138565642649996,-0.46194695701052074,0.09808146188806172,0.25785859654496784,-0.4490320759003294
0.10906658103519495,0.17442271640354212,-0.2796161610696388,0.20577899148517664,0.19196785023265894,-0.33253727326339666,0.2814365082030874,0.233306413198052,-0.3907332069630045,0.29577410748058375,0.3224669151549917,-0.4476376272196192,0.2523856811767202,0.375659769082604,-0.5038324839825052,0.2899715357070547,0.05245960285717066,-0.39303156206554357,0.352802103066979,0.16400576164775904,-0.47817080686038915,0.40807003309780177,0.2454751782661062,-0.5417313821072001,0.4573155694251638,0.3236541800742727,-0.581641370748939,0.20524278810077723,0.041094368005333504,-0.4034578151459116,0.24696785738521632,0.2744060807471853,-0.47901759514755193,0.22523934176021632,0.28671163847499903,-0.498558918332519,0.21470189621501978,0.24521571924739893,-0.5085964150185007,0.12456611325794276,0.0788376086001974,-0.4191814608330149,0.17848417689853724,0.3114453010802847,-0.4718534893745798,0.17561382582241114,0.29263413479381617,-0.4486269600147623,0.17589259674602564,0.2331947736983877,-0.4269617147201914,0.05951178600841578,0.13134256532245692,-0.44377141663974706,0.11500585606151636,0.311159675622521,-0.4807623125070948,0.1252565436606985,0.29133886625820216,-0.46527708539909307,0.1264171653037649,0.23535794546657618,-0.4466610647196192
0.12118088826257789,0.1633842252166947,-0.2673729507383281,0.22493710741121375,0.2059465907486161,-0.337883230301551,0.2932797037037095,0.26168363913614356,-0.41861030832212365,0.307427521792241,0.3510091863544663,-0.4923149980632583,0.2720724306972703,0.39468240365106666,-0.5652899481384078,0.33175444230157936,0.10397973283845985,-0.4474657513229171,0.376340981570073,0.2362738214405259,-0.5521099902717391,0.4233608208568772,0.32857340201456153,-0.6183343268958846,0.4618991576107224,0.41317873820383155,-0.656888816508464,0.24887621029932105,0.07457410916406715,-0.454906035217456,0.26762175187189186,0.3029423318775376,-0.5416361726848403,0.23082819208223426,0.31381958350259864,-0.5448275841800491,0.22499748691637123,0.2669206820400437,-0.5417734719840804,0.1648183129699906,0.09639036282617652,-0.4670252986280242,0.18967765196878517,0.3285288773449143,-0.5350481309024612,0.17934646829683387,0.31225615367014015,-0.4957828708020965,0.1798879466922959,0.24810409173090064,-0.46129013970773614,0.09130510315019691,0.13275655731279457,-0.4882817901698867,0.13141059502679908,0.3142989836605271,-0.533442292365245,0.13864400610048377,0.3075541816623887,-0.506330613049678,0.13559105619508827,0.2533164583118638,-0.4788172282306472
0.1180946665210903,0.11479253939821127,-0.27607298583880685,0.2217279808921993,0.1778766649170101,-0.33073132239745257,0.28848896793558004,0.25154714159204367,-0.4053394062118351,0.29426018766595724,0.3417199688358486,-0.4751619858341038,0.25826106838418844,0.3739380674762905,-0.5459278387622655,0.34483216575815084,0.1165435748501003,-0.448114202697736,0.3769171672268093,0.2672940926952541,-0.5444967312412083,0.41562639049722555,0.375925286333102,-0.6059867305354893,0.44964383415414694,0.4731727676792324,-0.6420726639823735,0.2632347779674709,0.07679097227289083,-0.46403725572393534,0.264140470544833,0.31816778949930075,-0.5438533289031804,0.2254918055935085,0.3240292506618679,-0.5426699978904546,0.21891568474008444,0.2853792148037136,-0.5364645285205663,0.1752656834526241,0.08568815759851339,-0.48270942397878763,0.18100263051225546,0.3256790476246059,-0.5412974817352116,0.1737526493473232,0.3118645387096584,-0.4973899138765156,0.17898999027444723,0.2516322570247829,-0.46127663679884073,0.09782086185647848,0.11244289449884298,-0.5094244492845357,0.12283806375696066,0.30471967033578756,-0.5429460270004094,0.13215105108453634,0.3034041362209499,-0.5080518288211644,0.1357166009350002,0.2513964610500515,-0.4771524531440556
0.12863705311245227,0.012801714281504395,-0.27726250762386356,0.23644334826893115,0.09564597163624072,-0.30245449762516713,0.3027160242599895,0.2104768827957561,-0.3506461307006428,0.30578166995472217,0.30608279262012744,-0.3954103663163731,0.2895135358375957,0.33443284783787036,-0.4408122822242329,0.35346055779880786,0.09593505416340137,-0.41589041795306897,0.3813908771080425,0.24797654900974536,-0.4851287081437657,0.3994647339386394,0.3555521443886211,-0.5336019321876118,0.41583658013767505,0.4538446143669536,-0.5656350478129932,0.27642209086841846,0.05289632831043506,-0.43967743959003186,0.2631632760567119,0.2958009317917278,-0.5039376243548939,0.23225081716007495,0.3007677868408611,-0.5079910233216831,0.2202209309143474,0.2716913298172405,-0.5091819092231342,0.1876681521934917,0.0436387435001781,-0.46143623437457776,0.17160046849674487,0.2720241025490215,-0.5047548934417316,0.16148168597645068,0.2627816275162151,-0.4728761240439961,0.16563198719448352,0.21012828503078723,-0.44925638284259534,0.10647530112690234,0.05243957791752124,-0.4876139089065144,0.10820121322101856,0.24396670613712573,-0.5038731768327305,0.12074825916713977,0.25052482638782764,-0.47197043146663403,0.13146878037876392,0.20057604465908313,-0.4491511657434056
0.1869761791228695,-0.043379247546251276,-0.2723466792966422,0.29319392108911707,0.040600403785650274,-0.29508076271420286,0.35079197549814417,0.1681618537902279,-0.34118294751649664,0.34824745321268274,0.27495054864877894,-0.3806715238690929,0.33298163080209925,0.3177882876395626,-0.4203417006731586,0.38225857877725794,0.09537498617166712,-0.4349698874950962,0.4012977328299923,0.2694916572570248,-0.5095784816742497,0.4098136272429867,0.3815950598716183,-0.5605825338364201,0.42125515604013636,0.4814384427070065,-0.5942656550407963,0.30502144956583216,0.05065570735925867,-0.45630583202844427,0.27624194288248255,0.29351608419412806,-0.5137241933346348,0.2609064426421566,0.26951573753351404,-0.5076726827622013,0.2652119245528622,0.21448035502428248,-0.5066195878983097,0.2198113944529934,0.028032287597600958,-0.47502863442903326,0.19516329431528284,0.2481130805015011,-0.5120526257753926,0.19525428080553248,0.21671740674967005,-0.477093354225214,0.20964501762384607,0.15638874435419275,-0.4556159231663303,0.139034792423193,0.022290095329229376,-0.49725176429754064,0.13134817743295862,0.2113336172103329,-0.5095413479805546,0.14277933502191736,0.1984391655921383,-0.477204203963335,0.15502111577982142,0.13669906520837977,-0.45732843911653326
0.23484041271122563,-0.10420970144359004,-0.25794926825424697,0.33113660392674077,-0.0032387775429857935,-0.28374344939974677,0.3822053271284925,0.13612403449925053,-0.33195219459620845,0.3782854276648389,0.25371958789738286,-0.3711439547189845,0.3640296655646192,0.3022561865797864,-0.4099040878066195,0.4211989837637769,0.06639479575070012,-0.4344739568480624,0.42994626340778935,0.24444123086842168,-0.5172000926980151,0.432014127348982,0.3608403402319776,-0.5761654180535449,0.4395216303816663,0.464398046111189,-0.6155428093918933,0.3511735397330152,0.009506602858625535,-0.4538191956528796,0.3130194741240369,0.255873818968855,-0.5171509784707202,0.2881918149939405,0.2397196489325391,-0.5122171741971149,0.28578700599583257,0.19003405151280034,-0.5112614137181415,0.26729967174442876,-0.024635325098909255,-0.47008691253749263,0.23620032248409856,0.2015678483000623,-0.5076018226393832,0.22877051410587895,0.1749325591078626,-0.46771737458793056,0.2369464236250745,0.11345129189404118,-0.44269659640876186,0.18697916445644963,-0.040642182255662795,-0.4901889068135394,0.17043056068333257,0.15828021345051396,-0.5023578953990115,0.17968751964481938,0.14912106571110356,-0.4675838452824725,0.1925012367716657,0.0885486799231397,-0.4458923590430392
0.3080794043314266,-0.11613463094117166,-0.2761230167996975,0.38309584329245566,-1.4590524454127785e-05,-0.2998040564882946,0.39670531222937583,0.15143225858328818,-0.3475551628101063,0.3629643745195675,0.26254902551291465,-0.3849921696412754,0.3479756541025448,0.32186160752890586,-0.4218927495706272,0.43642531106589316,0.12639505932448386,-0.4591503464210224,0.39006767938254355,0.32248769471762656,-0.533960270189066,0.3617959446680355,0.4372133440744686,-0.5790139608609868,0.3414916224252987,0.5325538940202998,-0.60715894629838,0.37010703752158164,0.052499515510778416,-0.47633046140553476,0.2808335251581478,0.27680919835684775,-0.5388052039373112,0.27956305215476035,0.23184685180304526,-0.5252217524278355,0.2993705696832943,0.1671133763563442,-0.5161273651349736,0.2963865823519039,-0.006582217715997707,-0.4889416270482731,0.21979419658301352,0.20237053701994895,-0.5244932346570683,0.23278276393530845,0.15992156932471274,-0.47858993937851907,0.259580237365942,0.1015384025347042,-0.448885413311739,0.22456429669974326,-0.05235462119462014,-0.5042849205959035,0.1744809872877407,0.12851024935362815,-0.5107208513248158,0.19193713138220786,0.10835121343253135,-0.47013366451146127,0.21922938296912192,0.051038426853399266,-0.44445196022870065
0.3585646231346199,-0.1316833417243889,-0.2730293263860436,0.42064989401627273,0.000539787548072046,-0.2977022356666258,0.4192097861938545,0.15374258949089736,-0.3490675683445862,0.37788213087845535,0.2623068173103401,-0.3879904817171028,0.36340535475540847,0.30870581461716384,-0.42580651448439866,0.46425557925034255,0.11869878365326614,-0.47375453220080643,0.3986768205337593,0.30975646569061965,-0.5504277567691734,0.36387939049530715,0.41822857453156204,-0.5928108315296104,0.3390758116417,0.5067559559516975,-0.6185790221519402,0.40339649512100906,0.035094745891577905,-0.4898417662210396,0.2971700508766243,0.25360489680100173,-0.5501741688079765,0.298254438179023,0.21060115887451858,-0.5266560237235954,0.32277829243469924,0.1510683674984047,-0.5107610891885689,0.335027583377845,-0.03205371604632645,-0.5007905881233147,0.24527473046112747,0.17074412895966262,-0.531814150077813,0.26034218861389846,0.13184828354645461,-0.4764191280431679,0.28966350151825637,0.07658944322396011,-0.44121835337352067,0.2652634461097786,-0.08514437781047135,-0.5148610691852501,0.20373720719147415,0.09037224246788711,-0.5179294566936424,0.22295291020203323,0.07507804824639053,-0.47310050533484727,0.25373465611267776,0.0199076612167427,-0.4452226530141762
0.3930352785143075,-0.12292529563577798,-0.2712038965845775,0.4467710711511788,0.018880025342386697,-0.2983847680983129,0.4323304154428658,0.1642728008779702,-0.3541797540632072,0.3704999544176278,0.2567083694490609,-0.3963426492658439,0.340496347144526,0.29614101429311607,-0.43744167606504586,0.4816256024393258,0.1214982726129708,-0.4830871514526191,0.40415458460180137,0.3042011715921578,-0.5612401507345024,0.36240588207570884,0.40645270128576133,-0.6061293623891655,0.33105658073751304,0.4919700481447396,-0.6342635593858543,0.42337833423940513,0.028723374799173806,-0.4973907164779487,0.30302010555593345,0.23905138750402305,-0.5588262818303886,0.30733136911718223,0.20378743191091392,-0.5373982630220238,0.3338698603662667,0.14921344895688865,-0.5240588329282585,0.3582175828966317,-0.04360881368787911,-0.5057538441863838,0.2560723282846627,0.15048919697133872,-0.5330155036893669,0.2774231888803658,0.1208351411375222,-0.4760032288280311,0.3121209599527535,0.07040996928541038,-0.4415509692874732,0.2929479338678536,-0.09876589398058083,-0.5178824357238594,0.22082297582952354,0.06714193601934287,-0.518056749507505,0.2436930992159066,0.060443834260385965,-0.4723684630838218,0.2793266632112679,0.0139327802213845,-0.4448747626987281
0.4379468224480628,-0.04144928236455925,-0.27959711563214895,0.46420499305276863,0.12606289605646126,-0.3150881641075135,0.4294848106339454,0.2473168633416175,-0.390690658287716,0.3526720068886756,0.2983798644974708,-0.4487680532500268,0.31536391000299446,0.3041721246674537,-0.5056380220219613,0.5001430771782874,0.16796215991525643,-0.5450808741614342,0.39663901547937386,0.33221760015039437,-0.6291598715350152,0.34265634040384285,0.42867669086008064,-0.6646747328803063,0.29950251798181526,0.4975285790398597,-0.6843908764883996,0.45076682786493294,0.0607496164277076,-0.5553454794451714,0.3115273378327369,0.2411663792565345,-0.606629047589016,0.3264426849320411,0.21234890441446297,-0.5535219051405907,0.36093303184061043,0.17176437000780098,-0.5218735225960732,0.3964754007294654,-0.022521171765041426,-0.5597767271563531,0.27048930148630135,0.14292093734292977,-0.5770056285426141,0.29873254518060677,0.1309756598904609,-0.494990516500187,0.3406865857079505,0.09383663157968514,-0.448506403760624,0.3374796770051002,-0.08981326599569328,-0.5694158114954949,0.24579473952798836,0.053997781081485674,-0.5662276484534264,0.2690536640122413,0.06490280847101204,-0.5125262625977517,0.3113485835030555,0.031591650052356646,-0.48222434897871025
0.46941255035860363,0.02957953515512768,-0.2848662602653832,0.4838579148338539,0.16967289152605358,-0.35203759369390186,0.4414236992881996,0.27095161381227795,-0.4450246244384545,0.358133956818412,0.3127446025894386,-0.5226471870853203,0.3197728842781288,0.29614357653124157,-0.5997531264735955,0.5223640054748756,0.17472337189180676,-0.5569143145992058,0.4183525890396339,0.306619748501609,-0.6529667228175896,0.36179302635652844,0.40802393856508556,-0.6958792954398888,0.3042696565674049,0.4831159562156898,-0.7169566303207177,0.4840658754394752,0.06185455623133007,-0.5648777037574547,0.3358374685333473,0.2256055325554115,-0.6266958266212243,0.34393613043291393,0.2199660390899879,-0.5855779498531121,0.3727665990875465,0.19760359826547924,-0.5587868541194695,0.4308680147217018,-0.02081044015424427,-0.5713852792693871,0.2930730432556373,0.13573665919763866,-0.6039916723682183,0.3202338069961769,0.14387647810442272,-0.5218852311088341,0.36399362984163586,0.12201614680750195,-0.468794554443528,0.3735751360939247,-0.08071863648431477,-0.5882070213271874,0.2739003151939613,0.0605448931740028,-0.6015680581046837,0.29496680202944103,0.09086917343599621,-0.5489379614307183,0.3364421576545936,0.06902180614931408,-0.5124264359189766
0.515861048036617,0.04784573488811855,-0.2963146309015436,0.5171949403820455,0.18181215100864773,-0.37220404422898884,0.47195388250927334,0.26474197083095913,-0.4762278956832468,0.3838567870197714,0.29545910530666714,-0.5654024643363535,0.34188820295910244,0.2687829273281515,-0.6547424656810343,0.5620868938503683,0.17893783622364406,-0.5771877927245677,0.4376059310970724,0.28757847719768886,-0.6752700669230998,0.37803549938778286,0.38177777701000576,-0.7174155277671397,0.32244528704265957,0.4399836199818075,-0.7388038200797618,0.5309201019344747,0.06416533761600857,-0.5834622246684611,0.3708205955563009,0.20571066313366299,-0.6524281663360179,0.3874357479153097,0.20233486466984157,-0.613550321525532,0.4239497917232931,0.18751452737430935,-0.5890534979762614,0.48646814995388393,-0.022263930505710794,-0.5888743860187113,0.33600844317058925,0.11491845422367458,-0.6246038836898387,0.3673598306713522,0.12316717081646328,-0.5453414333524287,0.41087795668224697,0.10868321233372097,-0.4968315673532068,0.43470425778011684,-0.09207810587306614,-0.6051627857150614,0.32406975203136806,0.031171812349361228,-0.6212991041602671,0.3464148777065695,0.05809269719700222,-0.5744290513457835,0.3880289333401144,0.047030134731334494,-0.5447482181253016
0.4696544291214581,0.03047345892950254,-0.3502603482662648,0.4858711840347882,0.16415493504568296,-0.42020409239963336,0.4866306664185162,0.27217702881857114,-0.47530935390428347,0.42300747649236875,0.3180068017677899,-0.5208101539178256,0.3513862969116803,0.28856449143453794,-0.5587752877040271,0.5930713893608686,0.14573620574041563,-0.5193390069766406,0.4583833100037213,0.21458481566473203,-0.6136871395869616,0.3762994291023846,0.28455846325918394,-0.6547017513080005,0.3240496994690533,0.3338904859261151,-0.6666838644309405,0.5747887374596234,0.011436242027723365,-0.5113670794530276,0.3663664938645001,0.10295658127828794,-0.5711399583382968,0.3742369295792218,0.11992876545950132,-0.5609458951516513,0.423389542265379,0.09858651773496824,-0.5518541304631595,0.5263825537399884,-0.08846695406869692,-0.5088959304852847,0.3320985914902325,0.029754299087965064,-0.5433566389842395,0.3563135744766827,0.05295969860120969,-0.4955352066321735,0.4150379182533856,0.04587667004629331,-0.4579820974035625,0.47475336806341367,-0.15693479462102694,-0.5185650704665545,0.33345465676351743,-0.05144233687356753,-0.5495164362950686,0.3487399698929425,-0.01327065809205813,-0.5292135594649676,0.3923340918259259,-0.0077867029471759275,-0.5038513211770419
-0.17327741198543223,0.37673446125980703,-0.3336810069151933,-0.07398912720683726,0.24219843335148183,-0.32398876399103316,0.06067719645496694,0.1883943337916979,-0.34925096147063883,0.16234680600162832,0.21436252779957143,-0.3769171204448095,0.22954091019626943,0.25244137234684316,-0.4049300517917028,0.11754646487232534,0.12996944375034658,-0.431658696758782,0.28850832171436636,0.18014290518757192,-0.485827897119557,0.3878451246738085,0.21649732775684682,-0.5170094113827101,0.4707740206241259,0.24308260865207998,-0.53648361973766,0.08169379420276968,0.2126298803805956,-0.46241231672767313,0.2310911077975878,0.3693170208453783,-0.5047629814625135,0.17493864483829824,0.3720755238055834,-0.49105567150119456,0.12182917780872671,0.3288567919253954,-0.48295742683414133,0.03783544487949697,0.32025512642856924,-0.488858823108708,0.17927798218723623,0.4545405168056139,-0.5172970633983961,0.12115808911320058,0.4443726796626696,-0.47808115594390543,0.07204898781772939,0.4017247814654955,-0.4531834315538755,-0.007205222177540382,0.4318791288852343,-0.5151112567663542,0.12133597917553274,0.5238715667247423,-0.5165542405128828,0.07813304252621023,0.5110787410258898,-0.47586644105914744,0.028302695226634422,0.4695212502002367,-0.44847011231187495
-0.17146659819310017,0.4058090058165281,-0.3377179720122935,-0.08192075220768757,0.2594040838080137,-0.3282350338054211,0.04959171088511638,0.1938169804411619,-0.35293475063418456,0.15239219935710124,0.2128648367720335,-0.3799344989461214,0.22153272302920513,0.24763246448809795,-0.4070750343603403,0.09911697181040935,0.1293183472948759,-0.43254354027931996,0.2754171100455015,0.1649270263510435,-0.4828651937646181,0.37671699198062114,0.19212265880877666,-0.5112515780133516,0.45958312423999004,0.20834477814013652,-0.5291856917542727,0.07019214900309734,0.2209851947622984,-0.46211416451161214,0.23060830505664043,0.3549018112021177,-0.5022796931666643,0.17497303160006694,0.36510475548083476,-0.487481409589699,0.11679383190447978,0.3277918306189268,-0.4782701524895937,0.035887053330489915,0.3360409942465513,-0.4872244241637499,0.1851846781569212,0.44548203619296245,-0.5124156120223314,0.1271089521246641,0.4437101689177244,-0.47146072415535756,0.07397513659770183,0.4070057478743284,-0.44565236000244923,0.0010420587855070051,0.45175465019519023,-0.5122663917941362,0.13365780385310344,0.5242366996603697,-0.5110971125764162,0.08908539088542156,0.5159840193587034,-0.46919033853237935,0.03584559830004863,0.479848405440399,-0.4412082898420603
-0.1809591381149181,0.5066796811027638,-0.36216019019785844,-0.11474797411726795,0.35980686263276257,-0.3541064625875839,0.0016033621235004847,0.2672745855255238,-0.37723440307097517,0.10571995095444836,0.2590529592437855,-0.40352392478751026,0.1805540593071095,0.28005918578339734,-0.43002067788409076,0.03687143043709912,0.18589862899018444,-0.44268040641115985,0.21060189322663464,0.16393133715821423,-0.48521737291382633,0.3075837166710011,0.15847995595170178,-0.506530958254803,0.38442155436707653,0.14976986960602917,-0.5201867549018748,0.02906122521592297,0.2855117590828053,-0.4705656199054607,0.2010550768776051,0.3593620927734486,-0.5154358027772792,0.15030207947922863,0.3897692830963246,-0.5059655932979472,0.08666053132249035,0.3768592746658436,-0.49577011450098835,0.02138903454972424,0.40539052800370373,-0.493875998099316,0.17345061616135754,0.45715120152665295,-0.5217925338344462,0.11956244425011792,0.47524615840150036,-0.48349375559853397,0.06393998579217114,0.4591548116607777,-0.45615412576960407,0.012874064008723873,0.524316397468578,-0.5169576136665233,0.1462556989593617,0.5455915601654164,-0.5181447146730311,0.10114612893296399,0.5540263326568715,-0.47798782124089084,0.04759511069489636,0.5389015944404714,-0.44937006666230045
0.016096812814896666,0.44979087743205365,-0.3612690637373645,0.1055594805185252,0.44290308389109906,-0.41347486045914356,0.18543664845866498,0.4394147816602641,-0.4670875993068761,0.21686683329982098,0.4869035306875163,-0.5200604524906225,0.17624018821162518,0.5375426236097269,-0.5688532617385931,0.15790931615275677,0.17822603616160687,-0.461636396914298,0.24543378981990155,0.23743305835170087,-0.5486651983554907,0.31769142779750165,0.2872394147817546,-0.6072503205831594,0.37981764707011517,0.332178694338029,-0.6413884338434286,0.06414313349170025,0.1741504493658,-0.47032141205626193,0.1615987244550639,0.44225255879802045,-0.5436529841716833,0.14548466834468182,0.4811124030057841,-0.5574993517692632,0.12064347896022137,0.44155715140742596,-0.5624948170478887,-0.017404365211302675,0.24468348655146893,-0.4866878565843648,0.08475447925967511,0.5095949593488627,-0.538408401280219,0.0724636736814433,0.49851171407145795,-0.5153772261436529,0.05709130796832379,0.4281266156141215,-0.4933583613927907,-0.08301364150601093,0.3385653320257121,-0.512454542189414,0.008545500368302428,0.5418100777570658,-0.5544245269592352,0.012642246813004576,0.524031025499528,-0.5459157553012914,-0.0007343765791005263,0.4563546601240092,-0.5293686863477773
0.03718529145723076,0.43839843075280877,-0.3743386621270624,0.11665509145265313,0.45019812386041375,-0.4170747150897434,0.20396579306131096,0.45352382462030144,-0.4651491840600422,0.218945930409486,0.4899140099764416,-0.5139211316823413,0.16097582380777092,0.5261482695818493,-0.5606916149377277,0.1789381603479931,0.1886601547480175,-0.4581714769124439,0.24370182554727288,0.22251541416650505,-0.5298715432404926,0.3069347242594311,0.25033999483590813,-0.5795563061952045,0.3686920503855297,0.27095098297601433,-0.6112619091987064,0.08722982804780693,0.1549878815889904,-0.4695257594108036,0.15088946621423455,0.42260784904962273,-0.5352274229049137,0.14699317018991204,0.496872971463258,-0.5512323280095508,0.13745463888650628,0.4668489197969982,-0.5568506916284015,0.00565225880151482,0.20211399595742913,-0.48610109586710243,0.07687796156411858,0.4752303461313793,-0.5345572431802204,0.08465755980020256,0.4952676395655224,-0.5157180031060626,0.0853954653025219,0.429759512352998,-0.4968053003072193,-0.06414400537008552,0.27452171843057366,-0.510142003488486,0.004698405671174244,0.4873023132563183,-0.5471957673549106,0.022722254204804615,0.5100561479807446,-0.5360721101283481,0.025097707915360645,0.46182412903314324,-0.5180977632522037
0.07309031223918366,0.5425602469411033,-0.39373827091110486,0.13846620654727387,0.5475520167317527,-0.4426296528611047,0.22351726627017426,0.5340968046155112,-0.4948206495675905,0.21878704166079926,0.5312566432919639,-0.5471115883622033,0.1626682553258078,0.5354007754292625,-0.5978166189226968,0.22361024951602387,0.271189776417269,-0.4812456470165117,0.26839294767047334,0.22639813756610322,-0.5582423236403329,0.31795224284793305,0.19614907836581635,-0.6070748593840463,0.3681341085400717,0.15824499463702607,-0.6408927466902596,0.1266044650044577,0.20187213754321504,-0.4947415840062959,0.1435211572613852,0.36949643230105805,-0.5773968722853524,0.14790895318652558,0.5008850369420188,-0.5945901896986825,0.15387627219821381,0.5110798749890464,-0.5944072630438668,0.038589266296877145,0.22167297935153413,-0.514429042879091,0.06992894148494172,0.43713327979709077,-0.5835784997973306,0.08916923141147065,0.5192997131314414,-0.5640495296749932,0.10313895082141328,0.4861302051510947,-0.5398624565634591,-0.03651473188732696,0.2822824392285483,-0.5407602515253884,-0.00010159874294829452,0.46196183299685883,-0.5893966879877908,0.028790769335283517,0.534528103825106,-0.5769419547352654,0.04722907876635957,0.5139788064923423,-0.5562020119461877
0.06369785306200598,0.5873601817820988,-0.41016196251316145,0.14037624833330725,0.5801202439998112,-0.4590021921958008,0.223567762348505,0.5564202451442204,-0.5103218919302501,0.23666033980593298,0.5252562546466313,-0.5615393138195552,0.18714056250795935,0.5247836494182072,-0.6139534628654995,0.22133234975084876,0.31296507355913733,-0.5030891439582386,0.27458260295137976,0.20200149056658362,-0.5714076376225032,0.31362263200029944,0.11831114527926062,-0.6172529971863308,0.34427223441347693,0.0423919343684635,-0.6501429891850032,0.1349653386805973,0.26099483010515784,-0.5146716302897014,0.16710559365496253,0.35294494864687537,-0.5969914561773815,0.1642694854472599,0.4806693577502689,-0.6185186273123302,0.15551034447893713,0.5253247403834782,-0.620951405789999,0.05435768601641272,0.28041169879183386,-0.5297603449489154,0.09144995448336218,0.4251327299807987,-0.5968311941887416,0.10541782614931677,0.5220266961787663,-0.5855460530783214,0.10999456879839514,0.5407997154925785,-0.5669663167263546,-0.015904418256429687,0.33657435414538,-0.5508346623446025,0.017877885076852784,0.4627943420146427,-0.5941262907053508,0.041523315880151734,0.5425236606334172,-0.5836539781357326,0.05480856535181616,0.5557100558017216,-0.5664225286509075
0.0758642434297751,0.6165725170789909,-0.39497072364514635,0.177810627144451,0.5926633059202384,-0.44995596714628233,0.2779206215559195,0.5192127405821036,-0.4883084640682985,0.293020862263317,0.41533460013257967,-0.5260653913797189,0.22745336882459627,0.35356851212369905,-0.563273173648243,0.24120892874586092,0.24662353388654695,-0.45803993650091185,0.2877876936613272,0.11135699145185457,-0.5065512851656724,0.31238647095548616,0.017465162199611528,-0.5376507759870339,0.3336370169340323,-0.06720085151803984,-0.558791545111065,0.1579598962484549,0.21381052128660188,-0.46113840945375456,0.19691862456190096,0.23337413660871492,-0.5394146562398721,0.20152201048719393,0.3488548576055716,-0.5659610153020669,0.19620146147596346,0.4335509120641898,-0.5663103730262566,0.08187623612272249,0.2288912712751578,-0.4678740099848558,0.1280418216406058,0.29557206026899324,-0.5409092874110986,0.14387108675825105,0.4197794377027701,-0.538322013694172,0.14589394919263826,0.5048288284956168,-0.5164164871753503,0.012940603417034013,0.27161284081327425,-0.480112996775036,0.05768333665716158,0.33296962372648226,-0.5293161840022851,0.08256976596700655,0.4234148441969107,-0.5261587620557595,0.09421585790502535,0.48495860688077913,-0.5084574789584924
0.10406871991585648,0.5584585304779903,-0.3680344064863466,0.2084806795639888,0.5191636319680111,-0.41829796028901184,0.3147584434075252,0.4164374108834163,-0.44749328387547577,0.3322061534447566,0.291639172605981,-0.47752288622428024,0.2662536736054317,0.2331710691971675,-0.5062915895657643,0.2555244799179927,0.1936258907837764,-0.4028840613143548,0.29596646981667435,0.04875054316948807,-0.4418455053644284,0.3144173260254756,-0.0419162873702153,-0.4633776013331517,0.3323011036438838,-0.12364063305426681,-0.4782917488889798,0.18599435048531449,0.1800203557534114,-0.405114243604432,0.22909452872704422,0.12633671718071854,-0.48244683337975586,0.23578652100991165,0.25436934190224564,-0.5024382237868412,0.23133000092934525,0.35235133128594315,-0.49507462126780594,0.12017264323662674,0.18900557713936722,-0.41265489054490173,0.16876294570397293,0.16656293826531327,-0.4888239119725331,0.18226095395516312,0.3007766838593379,-0.4804003898577794,0.18004407840203202,0.39746650414894974,-0.451565167732726,0.052396440081109164,0.21712895589302933,-0.424815705843459,0.10852333264779007,0.20637538390587723,-0.47716226322222793,0.13234581904839432,0.30147775369118607,-0.47120451075602615,0.13555952268074906,0.37319358544777786,-0.451262838073264
0.1188480980566275,0.5214535124471915,-0.3581720165421736,0.21981359793455718,0.48689938856871245,-0.40710143224685075,0.32060648276121734,0.3847333915403616,-0.4334178440400827,0.3352843649557364,0.26162977291853545,-0.4603210859128702,0.2770602233579886,0.19487263037474273,-0.4859987072774637,0.2587077744177115,0.1769561894109976,-0.3909475453325975,0.29860211684019683,0.03380305840284942,-0.4279687650629747,0.3177812225988638,-0.05272920654504182,-0.4478461615869272,0.33583302571089385,-0.13116626666276338,-0.4614378981420267,0.19389630629332183,0.16552825047285674,-0.3918932028242815,0.2378036506345999,0.10191024615080474,-0.46609654502360703,0.24924237801344512,0.22026110960753081,-0.4861580304929483,0.2471085913351309,0.31629688813002227,-0.4798414059111345,0.13207195474417327,0.17348535134108184,-0.39815565795986535,0.18323667122633575,0.1400810308626425,-0.4732854910322893,0.19825251175673125,0.2689538724592459,-0.4672827370592821,0.19629592968733428,0.3643707759550345,-0.44045444057671906,0.06764592005522369,0.19801230503828643,-0.4084915652999151,0.12779269887716888,0.18055857493193267,-0.46129993574111344,0.1520541436842215,0.27216441704542754,-0.45763631389825227,0.15369196011335967,0.3437342770269644,-0.43963241056887986
0.11989242126432759,0.5019904701897273,-0.3596002077333624,0.22008833577123982,0.447113069791473,-0.3977273897341122,0.3065958349892269,0.33808788945165974,-0.4158957758060326,0.32047215392080647,0.21005395342794758,-0.4364426330736508,0.2601625650116573,0.16069230725256306,-0.45612091283115047,0.239753815431274,0.17126724411932331,-0.36286738157073456,0.26824674298254353,0.056468519467986644,-0.3874248162916531,0.27955249239889485,-0.015650478105865895,-0.40031620572122234,0.2898447244354854,-0.07976334999116558,-0.40971876392873424,0.184156092900909,0.1611620514580379,-0.36480060444014567,0.22294172932592732,0.07965079237905842,-0.42030815119656223,0.23923006941763264,0.18708101202932698,-0.43508663485559124,0.23797503401724202,0.2747170655914913,-0.4272574828079571,0.1294259755798946,0.16610583950964314,-0.37261905233176845,0.1773378579804073,0.114366772670425,-0.43461867133887905,0.19764218022314411,0.22793200900045735,-0.4328114361575474,0.19471499611822468,0.3173559038826595,-0.41088662381085056,0.06772193600622517,0.1858449905106197,-0.3835949123910298,0.12651455690351826,0.15209362198797566,-0.42811574498923916,0.1569102137276302,0.2280091374107967,-0.4282033414653172,0.16044506718603474,0.29532596756903035,-0.41511284271987575
0.13410388361813425,0.4597946299255073,-0.3532318256799028,0.2304763091743171,0.4152266277015388,-0.39331838432548644,0.31603704821469186,0.3128805054366767,-0.40945483688114287,0.3282480729758918,0.18956350218655466,-0.4265166925251305,0.26877014767529367,0.14156125914456247,-0.4427266078054726,0.24915700089337228,0.16353451144101022,-0.35862164096755983,0.2746580733001411,0.05389933716656564,-0.3801376124828875,0.2831984056174934,-0.016913990861159578,-0.391078538632375,0.29183613192440866,-0.07993755806086661,-0.3993239546179593,0.19774125944973825,0.153940905445832,-0.35798674765823485,0.2313623322189033,0.06879859101178049,-0.409772533363086,0.24421196114422677,0.16800378691555856,-0.4234000923096955,0.24265055786969064,0.2514949334800422,-0.4157953293978989,0.14507340323330759,0.1568086041152656,-0.3630733456447542,0.18833171259762643,0.09670733343960641,-0.4228240655720055,0.20519970785977243,0.20497714411618112,-0.42196318823693396,0.2014483107268989,0.29232155215145944,-0.4014433914780438,0.08277781736256479,0.17041300665737985,-0.3711972584932864,0.13828091751934884,0.1235928727328956,-0.41467700097559096,0.16699462067486642,0.1946685804069221,-0.41511245388386847,0.17105310093762277,0.26176952254177926,-0.40306093115208746
0.14837857613384486,0.4018148435097909,-0.34380393246151797,0.24134584793865443,0.3610046161156869,-0.37828968187749623,0.31976946720897914,0.2654063952904916,-0.3939479449945712,0.3283474100571847,0.14584522971927882,-0.4119863035339141,0.2701543224793649,0.09812640676319362,-0.43048654219091176,0.25313087830364467,0.14844741949856044,-0.3359421985405707,0.27434309849560023,0.05522569546520473,-0.35188691319853305,0.28358265290081264,-0.010187213327291,-0.36001004373610257,0.29092880616009,-0.0652857171553397,-0.3660087539064908,0.20936050543606044,0.13612451681911708,-0.3351601530048275,0.23938992152035,0.04758718142330409,-0.3772761793988967,0.25151153931438686,0.13174506554424525,-0.38988222276747464,0.24774142632305385,0.20461156496822597,-0.3825299823838496,0.1619408977967477,0.13338863382160426,-0.3400914427074814,0.20191755423366786,0.059340025280115616,-0.39216455539644,0.2179825557213998,0.15767600664913417,-0.39603148123204945,0.2111172927361703,0.24351277479946376,-0.37982711663425206,0.10357462892353297,0.1381715787392831,-0.3471384432814294,0.1548412097436166,0.08139305839359523,-0.3853701101797843,0.18452491888820888,0.14279478320896388,-0.38892818709790944,0.18708630928814174,0.20916220078289272,-0.38011269738853215
0.18736546338329702,0.3374380976034203,-0.3371519181251202,0.27609615624676137,0.29560666383037953,-0.36364346704651923,0.3424599677396813,0.20843344033489614,-0.37418902068605037,0.34432434142361074,0.09870426953564077,-0.38874109982719035,0.2923808604551354,0.05062802732715993,-0.4043663978504142,0.27035336793194203,0.11396189630756764,-0.31424747183193774,0.2846181899381676,0.03577383459339528,-0.3259659377785525,0.29328726828823476,-0.02109343706836314,-0.3338594814689955,0.3005375176740685,-0.0650451570676765,-0.3391192828698209,0.23236333430538564,0.10110892952213674,-0.3148187544124326,0.25551622212658315,0.01625632346401601,-0.3517684504317245,0.27170603574047475,0.08401175440082936,-0.36738566643764586,0.27254455388317494,0.15445443094501882,-0.36294213085641475,0.19032978118191152,0.09506033957729726,-0.32104601300527663,0.22440599501858144,0.016087135679821063,-0.36818193420042605,0.24387179911861806,0.09885357917080312,-0.3782906621622047,0.24160205424557119,0.1826481133771935,-0.36694638765623183,0.1384223610235253,0.09682353437672048,-0.3284162148760757,0.18353234828243642,0.03024034798870473,-0.36289581059684367,0.21352618039379506,0.0805985540224114,-0.3692731611358127,0.218527367718319,0.14795040190945058,-0.3630229826944074
0.19395847570667224,0.294400110361671,-0.33671863171374417,0.28843791734943347,0.2549690748430248,-0.3544939314149861,0.3420626069284435,0.1763608599878307,-0.3597041093878989,0.3390941168046947,0.07055108201274829,-0.3708794010006432,0.29087163460025744,0.017185315010642577,-0.38316478255620046,0.27214492809543567,0.11074911010036426,-0.29590490508308454,0.2854287768579479,0.050542607424354125,-0.31187679852774186,0.2882057572580333,0.03418560278186755,-0.32829516056408925,0.28157706510791736,0.03633387338886218,-0.33740616620234964,0.23568035614261584,0.09285931241283374,-0.29942073720922513,0.25701434862384753,0.012353613493537474,-0.330360851264054,0.2766015673852916,0.06461240303287463,-0.354414085405374,0.2762175346590038,0.1329067195631023,-0.3602353078447823,0.19523633968601184,0.08034063827762561,-0.3095452659898047,0.22597350132236438,0.002843871233558226,-0.35248570937147183,0.24999888193378406,0.07137317907581286,-0.3726048176311497,0.24758030426273303,0.15084858190784411,-0.37130143168797536,0.14700014841327624,0.07557244550952869,-0.31989168051114125,0.18750466358432727,0.00676830065021472,-0.35282558064391656,0.21904201757678943,0.050647332785224486,-0.363847986342812,0.22483988058338122,0.11763705265293078,-0.3631345690362696
0.19236698570266758,0.23464813652053867,-0.35160906944180165,0.2904191893579105,0.18997481288925205,-0.3448482210694214,0.33373662652984654,0.13022073926940952,-0.3329565114287993,0.32875183048263584,0.03695195736900364,-0.33446949151739086,0.2877540272714237,-0.013882668590392722,-0.33822575108542646,0.259550659084473,0.09241398992553745,-0.2393841388581654,0.27235099496856724,0.035790024423752176,-0.23319451687320675,0.28341486873642,0.005434839153442728,-0.24497130689605678,0.2873267215730289,-0.006979407644118918,-0.2540168258307835,0.2284319085122684,0.07085704627052342,-0.25124999312147106,0.25053307237640415,-0.003457547998275412,-0.2683077621220013,0.27531388225570713,0.01567515554443394,-0.3055559004603287,0.2800089997293094,0.06169736208931004,-0.32217962843760456,0.1931177658082584,0.04914113702789341,-0.2698287534473797,0.22736933650985752,-0.02382028279289211,-0.30467928749903644,0.25410923185363804,0.027765689516220438,-0.34240004037901367,0.2537465375901798,0.0954164546968082,-0.35345674948229994,0.15193512859359776,0.03126519742027317,-0.2864430266378781,0.19276442947402989,-0.03145045218452419,-0.3138292784748932,0.2196849864961246,0.00631257715240513,-0.3326031303910872,0.224868623638306,0.07077953042999302,-0.33810071357920374
0.1679249967648226,0.37309908524291097,-0.3524692812284392,0.2517075504376131,0.3429275716854769,-0.3865162540958685,0.32712703600661336,0.2668994630886751,-0.401767972557382,0.34013259068266927,0.16719144240157185,-0.4182991121695799,0.29253512278334676,0.11745932355658589,-0.43472680047018947,0.26825672045485555,0.13975876227156697,-0.3593471196280283,0.2935547198368746,0.04894828453795491,-0.3803425521390003,0.3069655264927584,-0.011348847000436202,-0.39241739705069484,0.31862020149962483,-0.0647359524653715,-0.40094750717146815,0.2266754473759371,0.12779962673918782,-0.3588158578412098,0.2643299664570528,0.0637430514408785,-0.4048396196947855,0.2702102030827242,0.14577632799880086,-0.4190140922354025,0.26122188225524007,0.21576481714980184,-0.4147575829909605,0.1834213699413973,0.12599509611861287,-0.3632104440392417,0.22733062163130818,0.07500007406012593,-0.4154734720276159,0.23623019114272176,0.16506653681532918,-0.41611964598162593,0.2271367873264986,0.2412453855587679,-0.39974667474492015,0.1305605436875063,0.13281386748091756,-0.3700218365327877,0.18258595124022542,0.08927616134421407,-0.40815838768942775,0.20653050795332967,0.14659645810858785,-0.4093005132661623,0.20788669243590413,0.20561134472624837,-0.3995403867946428
0.14329691689907903,0.36294539731442327,-0.347181039245054,0.23138513129650945,0.3437599734634101,-0.37965085271299487,0.3143997983306586,0.2771095828384101,-0.3931342168480218,0.3354512051910102,0.17604472201763982,-0.4075896135300458,0.2869270638793647,0.1267481939166724,-0.42266807991564875,0.2735825971931159,0.14333533209263677,-0.3595970869764746,0.31588419240414495,0.0499846534103095,-0.3802065915197194,0.3381233410209357,-0.008360247197753246,-0.3933752729326547,0.35812683862149114,-0.06330637175143367,-0.40384381550849086,0.230472643789643,0.12523846786915654,-0.3606223380893529,0.2662539676994025,0.06360896390377874,-0.40805084544718867,0.267684717592591,0.14683403533398504,-0.4251674889355958,0.2559722260802924,0.21725161832272405,-0.4238171904116929,0.18474187415539617,0.12086813610493535,-0.36516130629480487,0.22380651992260808,0.0745261208385169,-0.41743841308653956,0.23044105332791204,0.16767414372860784,-0.41928569513857966,0.22051318448483342,0.2427767710059821,-0.40447087499797946,0.13031940620838994,0.12543361347615117,-0.371854168432957,0.1778024629920661,0.08350988191067571,-0.40980514425337916,0.1985587672561347,0.14362194102703923,-0.4101859955817521,0.19753320973812932,0.2025589541763007,-0.4003349720269502
