0.2511528271321983,0.5365628141050072,-0.35773532081056586,0.3684274095182151,0.4977646010999412,-0.40612356485083395,0.46903534113213724,0.3908864992742271,-0.42655576885893637,0.5392758983258934,0.3016528028135032,-0.44478768975689703,0.6032081383352013,0.24469847856805033,-0.4620771792645722,0.40184219061181253,0.16666634260461038,-0.3878237356360226,0.46310670553490824,0.041155292380306185,-0.4165922117347985,0.4992532271032066,-0.04200916112616354,-0.4417509821172028,0.5264912980680199,-0.1122994881983071,-0.4613196191306382,0.3322675365094871,0.1354434627179832,-0.39175675929739767,0.3641559022550315,-0.025282369267490445,-0.41831435756042296,0.38772655903145975,-0.1291044813509255,-0.44255914659455114,0.4046951669339866,-0.22005094708159262,-0.4607509014125138,0.2635140555982322,0.14620067058846659,-0.40358984218194777,0.2731549876813621,-0.007489727150943815,-0.43617978067353064,0.28411866604134745,-0.11268292487814718,-0.4628565472479134,0.29429556309029764,-0.2101986271257668,-0.48125416905834967,0.19437517105385965,0.18943841635033792,-0.4201746781285077,0.1698757547025413,0.07393880068108744,-0.4556038242693215,0.15388585506722635,-0.011318014275577604,-0.47528434665158087,0.14293266712472147,-0.09968297303870016,-0.4879899633045464
0.2631757162647726,0.5583372615414144,-0.32235877970968446,0.3759848974781515,0.4961018465595724,-0.3568596787614344,0.45602296815686244,0.37024502979092616,-0.37674314750857335,0.5132127307491781,0.28350227104001063,-0.39776540024704915,0.5661300920086385,0.21917860732846278,-0.4220606706900118,0.37587725148968715,0.186466624601412,-0.36687920092172605,0.4125308893757345,0.04715057240300197,-0.4033616430921076,0.4369512103634359,-0.043586681024503526,-0.4338246904177187,0.45614867435269374,-0.12552804722018224,-0.45961479319758397,0.3109623097019674,0.1784719728069784,-0.38537432475514394,0.32424997316174525,0.010855784280824843,-0.4236923999948023,0.33991592155270595,-0.10188455356783849,-0.46028698457903844,0.3506437443333151,-0.2009244657916544,-0.4905549831552027,0.24928109870724696,0.20922421441845912,-0.40926379187531453,0.2479101322727682,0.051176210506487074,-0.45344908012576085,0.2555576466160299,-0.0606005288524149,-0.49288244022555333,0.26206122861676234,-0.1628794766826151,-0.5226371832055567,0.1927006743984701,0.26759021507077235,-0.43584870769209844,0.15818913803868312,0.15035428629689235,-0.48524864985175115,0.13424940930180568,0.06150506959729213,-0.5179879017037867,0.11446898208432216,-0.0317166246337412,-0.5425698257846354
0.26977894235949856,0.5549649946818862,-0.3029653728422614,0.3769039862285171,0.4833132975230728,-0.32054374772507804,0.4379931442866836,0.34652248550753934,-0.33785584415692943,0.4852574818263565,0.2572637550960098,-0.35900259237188953,0.532626723540834,0.19457418252330166,-0.3865200377573456,0.3693942182193313,0.1927769236693893,-0.3623026556839432,0.39229402471881253,0.04450297881465298,-0.40729946862358707,0.4119089000354324,-0.05132835577625888,-0.44080154071945804,0.4294662230144058,-0.13803484510082858,-0.4696083016266312,0.3153924696574722,0.19979641367297513,-0.39323166232008594,0.32133165527682644,0.029273545039704862,-0.44427276621956485,0.3356650822291885,-0.08910363386768955,-0.48865933190483707,0.34598574568133694,-0.19609608720440524,-0.5254166222681489,0.2624195568690811,0.24432507683139187,-0.42625750820536273,0.25757214952807767,0.08297583986621243,-0.4817521370520081,0.2638852946887527,-0.03204503129620212,-0.5293339140285935,0.26890871454577786,-0.13819699953694004,-0.565612281071135,0.21418074299197537,0.3160243981013809,-0.45916705797810214,0.17589727569918973,0.19881907631259305,-0.5210302568544831,0.1547663562427078,0.10726559687953335,-0.5629974253048387,0.1373798005710159,0.013035213244966093,-0.5950067884792771
0.2673214391135216,0.5523455456160545,-0.2931670769486291,0.37423905881872177,0.4766686275862694,-0.30262202711025477,0.4243139937781334,0.34492358716955185,-0.32413311523566246,0.4699645951651573,0.259898395862484,-0.3521237507201195,0.5150270775221825,0.1878286615275383,-0.3881533205247879,0.3659684971236229,0.1908828333281517,-0.3630351185537338,0.3879602864645958,0.041335912074947356,-0.41599688527355194,0.4067544654273033,-0.05288854089746475,-0.4554639741517067,0.42551085504522324,-0.13955902901659012,-0.4896884098387718,0.31914350542058945,0.2055879548453331,-0.4031682371831894,0.32759347709646225,0.03541562112798691,-0.4638570531941414,0.3434382990263939,-0.08057498780260086,-0.5171248152590752,0.35845735820760727,-0.18881755915651321,-0.56159329262743,0.2709124997519493,0.2582392409705162,-0.4436461761332512,0.26945945772161484,0.10034328850736618,-0.5062011167145729,0.27954980882635116,-0.011882810268497468,-0.5596742614842415,0.2904262855910301,-0.11444011178979874,-0.6017220601178169,0.22747829708089828,0.33908644470205307,-0.4827837481833458,0.19947236927976608,0.22495266946783066,-0.5498298689461708,0.18725541385641098,0.13616898807516098,-0.5954494163132668,0.1772746756934166,0.04815653118124008,-0.6317592546082497
0.2673463956063204,0.5429253712838107,-0.2812029662594893,0.38650502120904257,0.4447137848084383,-0.26638417089529703,0.4238092437928133,0.3264460698311739,-0.2881867699714787,0.45322956001214315,0.2491870061104708,-0.3234499372000284,0.4906367794220858,0.17239133870057394,-0.3692998974973745,0.3650207654183321,0.18706174051217367,-0.34475596392698954,0.3937230244820528,0.04264153396539022,-0.40580587977715205,0.41170383846215536,-0.05185033524580668,-0.45383031809874247,0.42822183525018026,-0.1370900138670988,-0.49648672485895823,0.3249609008973055,0.2174639538472109,-0.40778203452177714,0.33589137947015096,0.05165190851144125,-0.4833470299298353,0.35379506503991415,-0.06392525280066202,-0.5502026542479581,0.36969013368539144,-0.1707198485190458,-0.6062481566721982,0.2842226163094454,0.2741542593186312,-0.4696047022397108,0.2832077876274996,0.12590987836770345,-0.5459666415507383,0.29914243375710775,0.013253851289074914,-0.6113614305312223,0.3140252367203646,-0.08549948180266093,-0.6637240215594358,0.2500646845047884,0.3471161261742525,-0.527796210294444,0.23016770040444662,0.24344791328362753,-0.6074767872149534,0.22397722160271932,0.15865377938203146,-0.6630314751917905,0.21744815861634542,0.08028124129227926,-0.7090608342940397
0.27395356520145286,0.5441597185942446,-0.27758857912763757,0.3842765174719607,0.44158137663333763,-0.26238051728279244,0.41596008165805687,0.3196835599753176,-0.28142294377022337,0.4438702545973574,0.2416530333372866,-0.311177495130607,0.4809104286047732,0.17633316739528526,-0.3512129105714048,0.36346406563251366,0.18680892213313927,-0.3540806017902578,0.38969297035663475,0.045338638863257064,-0.4169916428712095,0.4056842408987795,-0.04980733171970497,-0.46365503148109566,0.4205369435164248,-0.13494246379406105,-0.5045007534411634,0.3244178973051821,0.21507380231349815,-0.4116602160123075,0.3352111659857546,0.054024346909216536,-0.4907339729455198,0.3498365960928713,-0.059833876052209245,-0.5553375698712553,0.36301697119205345,-0.16669746414692055,-0.6084326423791135,0.2838823281142031,0.27433676346271385,-0.4661225594666685,0.2801849327894961,0.12935984953372826,-0.5443519271996702,0.29295487030475487,0.01647345050304283,-0.6081769980576719,0.30647469385593284,-0.08346217052013527,-0.6582496382382597,0.24920583590000023,0.3519399844023501,-0.5158894874242033,0.22841198070972313,0.2508035384032046,-0.5979525365021909,0.221479483685187,0.16610733493297447,-0.6544292189267362,0.215375968060187,0.08671218975513328,-0.7001009203580106
0.26501946410965704,0.5451608773214796,-0.2809601411163376,0.3713425274832227,0.4263383623106458,-0.24330173918175912,0.3984818931562879,0.3044409628851392,-0.25163128712344385,0.4206573244078138,0.22802315912079596,-0.2743074351096473,0.4562950011236646,0.14831416568588995,-0.30725091249811864,0.3485323663694837,0.18615772089791083,-0.33893599101472116,0.374964761350868,0.04409633836579108,-0.3984367597954295,0.3902497168524244,-0.05473111310172296,-0.4409350875871203,0.4032794114096143,-0.1395502809541247,-0.4782963518159411,0.31327758989167,0.2199678894026258,-0.40720382073092676,0.32245640716385626,0.058958160494086975,-0.4868162695424578,0.34117441139054083,-0.055398178483726745,-0.5487598005788348,0.3565728541357496,-0.15982545652556635,-0.5985871676461718,0.2777384396536329,0.28043250999283575,-0.4708936486499331,0.27247034272980475,0.13810973129105353,-0.5499747220532916,0.2919559355719068,0.026266443346259827,-0.6109927419679186,0.3117605920774915,-0.07372058668303705,-0.6581961039559863,0.24959139785599493,0.35613625011276984,-0.5279652450339816,0.23252909145188116,0.2579753871901014,-0.6118781987683795,0.22964112720322394,0.1751065429193952,-0.6674795273797534,0.22714899740052008,0.0970389421923139,-0.7116345290200732
0.21079127826189664,0.5319661382625069,-0.3015706124358503,0.29853581227755216,0.40938751735186246,-0.25907798893356654,0.3234441164920297,0.2848212007472482,-0.2574603933801684,0.340911496062037,0.1986254934260812,-0.26594175807738635,0.36195551194643644,0.11257969178652433,-0.28228856660032603,0.2850508574435678,0.19209798016047147,-0.3531131040265593,0.3196112398097482,0.05841313638186124,-0.4057593908121619,0.3442767743060556,-0.04782284460568759,-0.4390741553118262,0.3708792809436288,-0.13148300014043185,-0.46564049683118197,0.27525966205095914,0.22146474160647062,-0.40679147503877017,0.3033531788775888,0.05464373864626554,-0.4748790528585944,0.33448700942492154,-0.06011418662572238,-0.5230078365614448,0.3671310428569284,-0.16072605214619967,-0.5601043220570121,0.26763217486834195,0.27779208459353116,-0.45354230366254183,0.29079453982805875,0.1274243775794473,-0.5232829417994056,0.31648384370302823,0.024979758639093907,-0.5739638622810874,0.34019331969713834,-0.06146366558575961,-0.6111456569244895,0.27092610635256437,0.34435414113497403,-0.49196779392266604,0.28146945275759366,0.2650187496135202,-0.5682840760757957,0.297351766009089,0.20003448762392667,-0.6183798130562339,0.30975424088930753,0.1390763107726541,-0.6560869034340415
0.23209352187795773,0.5322455852477087,-0.2739905735747702,0.2996324389426245,0.3797667115180029,-0.1968888700755106,0.3221125095335974,0.2644572942702307,-0.1956035108120905,0.33923078469915524,0.18235377363844052,-0.20908479250984058,0.35317022494955197,0.09046096496267453,-0.23403863094763622,0.30397863082571164,0.18182320289297238,-0.3540168762953745,0.3333676546065344,0.04609031371755734,-0.4216876537354456,0.3507773964850439,-0.05643608279542789,-0.4620735258610712,0.36984814099950925,-0.13125445552186832,-0.4937418610604273,0.29906774453802243,0.23234600715322629,-0.4317748755963312,0.32748104028387204,0.06831897191686764,-0.5297122509034143,0.3559751003233923,-0.04343929000215396,-0.5900813550503717,0.3847420900313391,-0.1389245898278223,-0.6348997563870417,0.29539562158270016,0.30332268170995846,-0.4967269212754236,0.324426898285581,0.16142187409086362,-0.5947095663102137,0.357877084538175,0.05791170291586056,-0.6598797947915064,0.3891595690695776,-0.026624879315661043,-0.7054526419194208,0.30035961560888425,0.37840706996603146,-0.5471772164853083,0.31835550956411496,0.29897374801321164,-0.648018500283526,0.34209067516012326,0.232117065712644,-0.7116322130711542,0.3649973957983984,0.17273286871595517,-0.7590187997372614
0.22928732941283303,0.5165742070449741,-0.25265367407081496,0.2737231881393345,0.33828729698790627,-0.16272941669093055,0.303517761923209,0.2276641459239872,-0.1632594733463375,0.33135795900954323,0.15329486439360696,-0.17450697412358207,0.3638805181754978,0.07420122931136208,-0.19751152461038513,0.28006226132048684,0.15623864839209634,-0.3767819969879238,0.3115865618957432,0.01921326229704934,-0.4569896726833431,0.32581198523177224,-0.08369186212883872,-0.49581163813935203,0.3437762291206272,-0.15841796686516685,-0.5226139693485348,0.29958230564726906,0.2237305671943577,-0.45260843326912803,0.34114384958876687,0.07248825142516213,-0.5792474417911617,0.3796603114379795,-0.037452784083947366,-0.6449029712902157,0.41756475279463845,-0.13402962376938743,-0.688735154174432,0.32325095245970803,0.3097746402992161,-0.5095265178905575,0.3686400682701023,0.18714270303381997,-0.6454232602344601,0.4125220210327061,0.07562458822859841,-0.7276972501503078,0.4492602975143345,-0.02073451568947715,-0.7747094600425808,0.35857910225524026,0.3970035345329197,-0.544016268752679,0.39826911995543557,0.3328301341308506,-0.6598986952529995,0.43327743122710305,0.26873755762709695,-0.7265162437187282,0.46135145733489114,0.20512533495558816,-0.773569640420541
0.2115475699937239,0.5304088161027327,-0.24515787829214977,0.20073600268720534,0.3520328567063704,-0.1715987160170183,0.1945090756451979,0.23098762488721755,-0.171280218597661,0.20770861363767532,0.14824690080045608,-0.1756604372823343,0.22003935432790664,0.05583860135435012,-0.19088852622748467,0.24302806115507034,0.17747219062208083,-0.3836107536518678,0.27157457328199297,0.0316672787701979,-0.46807147407175154,0.28524793839811236,-0.0844046308958635,-0.5112406744921312,0.2979802057778731,-0.16492996954561326,-0.5387733712160692,0.2851005361115828,0.24075277305005935,-0.4407234027350053,0.3373571202790633,0.08617212033628371,-0.5625845327341661,0.3738691375291243,-0.026750816341649025,-0.6249802842104539,0.408534006837596,-0.1246793701613054,-0.665871305700551,0.32576705670713335,0.3237500951325789,-0.4791254236662492,0.38598282790540606,0.19459279036878493,-0.6116146876776323,0.42681928134321123,0.08571095919965652,-0.6906223430597886,0.46131016469358355,-0.004733218189488381,-0.7331663801634416,0.3698522017037764,0.40987594581006914,-0.4955727591478929,0.4259411261117354,0.33392472720502764,-0.6098591520750627,0.4617491529023543,0.2727872297799483,-0.6743466093504533,0.4901091620957747,0.20840583896993545,-0.7171429827177629
0.17765876219194415,0.5337427215329933,-0.26469992163101547,0.15526231691759113,0.3675187186948586,-0.2297018772311878,0.15345668361108783,0.23154538438241962,-0.2404131317831945,0.16997891232889178,0.13401811883371356,-0.2519001026027274,0.18056165740411761,0.04171102807443622,-0.27138877253461596,0.21553113624971393,0.20037406251352313,-0.3966194434412193,0.25132476851861957,0.032293017362766296,-0.46845281555730817,0.27111887500207904,-0.08140927984792706,-0.5014565928228569,0.2855372981778908,-0.16724694206792828,-0.521853868509121,0.25910174415033344,0.25767999455850604,-0.4371031714924049,0.3265265779249001,0.08675086066644672,-0.531921212220974,0.36782031819742206,-0.028901700521297424,-0.5745613022096825,0.40126174256723407,-0.12324294879514691,-0.6012390299089623,0.2995549993268776,0.3376597122899819,-0.4656015677698326,0.38095449969690326,0.19649970099847797,-0.5653817696817589,0.43006825015466693,0.09349733159463886,-0.618400876069851,0.4690673904172707,0.005986537193470032,-0.6467874391325188,0.34062462613504413,0.4292870120755959,-0.4805599941261482,0.41594677731912616,0.3467217044584084,-0.5731847627409172,0.46165144011896136,0.28596442506235126,-0.6216733796842766,0.500027235006504,0.2211812989465523,-0.651765738273449
0.12962663854045875,0.5402281352369309,-0.2866175914519422,0.09084314788265235,0.35995466197414405,-0.2678654163094043,0.07394499267025001,0.21813268149776466,-0.28504510521383875,0.07803640449924476,0.10619500959796913,-0.2994535935060858,0.0943569012968064,0.008166617998313974,-0.31652778451757424,0.1833769151060105,0.18989688838405616,-0.4058377972753524,0.23190397704525,0.010430640825462412,-0.4643232456357955,0.2614395090429307,-0.10080992495136254,-0.48909954046325677,0.2855790325490952,-0.1871953538568496,-0.5007855228097915,0.2391456433622361,0.24989039386196144,-0.42574191903190606,0.3203255602209092,0.07283780659122474,-0.49543968652801507,0.37493158067150123,-0.04006805335597985,-0.5210827371986388,0.4144127436964036,-0.12521519576625817,-0.5357212654264449,0.28647852624340064,0.32709569419307716,-0.43467321311550133,0.38044483149929054,0.1846795150129319,-0.4974082938344955,0.44026023829860694,0.08729145611209876,-0.5233371040733337,0.48356146300716407,0.011416173824501108,-0.5347962311418533,0.3243381449071885,0.40769482339305885,-0.43427354907112115,0.41884655440731056,0.3273225494710923,-0.4819971254976272,0.47005648101253517,0.2664438554136277,-0.5003260455043792,0.512233681329918,0.20116547430439002,-0.5093440494449615
0.08247003574899553,0.5384082557731045,-0.3070159888353619,0.0610118867926967,0.36514142771295427,-0.33595909121402384,0.06997052450708269,0.20815304537347673,-0.3757154656476605,0.08457857986024736,0.08566442747644304,-0.40867899487682463,0.1040099622779262,-0.02538114170499922,-0.4458956954903233,0.17038840671113847,0.22712591906122087,-0.45751089732118727,0.24418691416314958,0.05909106751016496,-0.5283919511265385,0.29052457829049944,-0.04383527616926314,-0.5660011110729801,0.33034560699991106,-0.12825217227407576,-0.5889162955708134,0.21867356319955705,0.30837152023843645,-0.472098970217191,0.32791796942285417,0.16497910638383745,-0.5433694658703434,0.3994160058074367,0.06716582794717668,-0.5793709097332584,0.4538278343253505,-0.011358880800687088,-0.6046393750137913,0.2553272606902492,0.40231744070581316,-0.482423597378217,0.3776564957671535,0.29774997253946184,-0.5505629865355122,0.45496175308755754,0.22112396975091814,-0.5848287878460514,0.5146687390380276,0.1556277932696712,-0.6054372129864323,0.28022030611566423,0.4972195388846767,-0.48959582428403975,0.38619831820062517,0.4377811314635646,-0.5488377449936497,0.45165369530252336,0.3949795128875148,-0.5742596624321568,0.5083885552459133,0.35063133259347795,-0.5895907817310917
0.1359948744422071,0.611256801093208,-0.2641392735485339,0.11563440462409186,0.4214655389433973,-0.2993861506337054,0.11127879520713019,0.2658689250594251,-0.3571447278016932,0.11185821195899176,0.1552853514796369,-0.4022211948984988,0.12655460139571356,0.032347314560996765,-0.4531058440560229,0.19207593103705572,0.28858646055518317,-0.5135726551169284,0.24404241939841437,0.13553597828208136,-0.6267271409386523,0.27653106352149176,0.0287933876162641,-0.6913082371109851,0.3053216566687696,-0.0582575271481402,-0.7340377042645343,0.24542173048316168,0.3740591039305799,-0.5309447417611011,0.33061911960898566,0.24925854107199835,-0.6682959864491351,0.38966729542075323,0.15147533317862677,-0.7450859020108112,0.43951430221854376,0.06634613176642584,-0.8008125195855029,0.2865985860472791,0.4672660460120313,-0.5363782415741809,0.3802992334014051,0.3835442294722669,-0.6676046619767078,0.44849082132636237,0.30090709825812506,-0.7418485055321582,0.5057118763571851,0.2335026194697492,-0.7882478008622058,0.3199599613791578,0.5549478163367383,-0.5325958202237018,0.40504356523810553,0.5163203110343091,-0.6450918386334308,0.46680744787512946,0.4810578455573194,-0.7075098226422198,0.522186600173103,0.4386131991988294,-0.7517342338913806
0.10618506069499384,0.6099310338051929,-0.3200966703109352,0.06352664227801691,0.4602643668206347,-0.3647180527893888,0.04755522008258234,0.29686586256343256,-0.4077277064768659,0.037340146258653506,0.17112384434062372,-0.4434957609025823,0.03589580650645624,0.04981283541041742,-0.48269230429810156,0.13498328323680292,0.32489429111796747,-0.4776767075507032,0.1685245453866137,0.17013881798106562,-0.5509123087374554,0.18764714594203363,0.06492460961657892,-0.5900585532633649,0.20777271385508905,-0.0305302024332868,-0.6169544041602002,0.19618867035228144,0.3962248980553759,-0.49036503140610327,0.26567689771968256,0.2580761730225695,-0.5773649692980634,0.31276283855754267,0.15203819866496454,-0.6271732926813947,0.35580549831706415,0.05339334602671991,-0.663222956701933,0.24557314510661493,0.4758016883881701,-0.5002518773524152,0.3365983783753527,0.3760798990281237,-0.587091285034834,0.4004283964188708,0.294050437167467,-0.6346042931525098,0.45296083088237177,0.2116919576676501,-0.6628540039507733,0.2823574959786547,0.5576470911057605,-0.5080538124291287,0.3779154240639819,0.4923609315903796,-0.5809538245646344,0.4352224885972155,0.4440968453438891,-0.6191682398764478,0.4847358285935534,0.3861182748826159,-0.6452256024329053
0.1876568906613515,0.61052478483402,-0.27733248846890735,0.13005743554317217,0.4733064287015126,-0.3345383963874652,0.08966169884883624,0.3341466300793813,-0.394147936194308,0.05989579489909869,0.22535134485446673,-0.4419082290819957,0.033781450302235894,0.1047369950123952,-0.4934830851248576,0.16321028402530413,0.35110140970432024,-0.49905676016128797,0.16844205191814166,0.20137972763263445,-0.5934201366595103,0.16519333055698138,0.09982569149219256,-0.643208194463618,0.16607619455539446,0.008082699091069512,-0.6774050481013133,0.23308039835178118,0.40564889839374285,-0.5088292694977595,0.277662646085851,0.26948918035709124,-0.6297843343905284,0.3007189743825124,0.15932650497638445,-0.699227321832545,0.3220919483014272,0.05844319990360003,-0.7495692856005504,0.29677064350330096,0.46999616554462176,-0.5114806331089808,0.36720664432727557,0.37126768758975726,-0.6255725211790873,0.4122405760594533,0.2760061734028981,-0.6863398141554667,0.45130808284961443,0.1902111285039113,-0.7238598949602916,0.34878767660342913,0.5362536423512624,-0.5105159468344523,0.4218609445401357,0.4650495164700673,-0.602181423395045,0.46966243913852435,0.4091850035496877,-0.6515629179171397,0.5101196878262685,0.3460489027806447,-0.6874438709906413
0.31168400634403715,0.6139534651147891,-0.20596056801768792,0.22559505094166288,0.4665600596773196,-0.2717482359302472,0.17079570282574186,0.355283850322919,-0.3645931692016553,0.13496499646778592,0.2819556533205081,-0.4322033734214734,0.09829919923420438,0.18176942456837186,-0.5044665397298764,0.22477766264553556,0.3877491890298892,-0.5890821279180478,0.1951360045778323,0.27258830655689725,-0.718230611194415,0.18521621216412076,0.1846437691556979,-0.7731232703817319,0.16966407884235868,0.1149406670438815,-0.8139075697553586,0.3052199422227908,0.4426904856073428,-0.6045906604421567,0.3160515366899539,0.3476522504198123,-0.8010811270368527,0.31999736417408475,0.2511971234190036,-0.9026428521764707,0.3183866082536746,0.15850856293316373,-0.9777811826360654,0.3796585737573672,0.4979357658731509,-0.5997538031232785,0.4096636711465884,0.43371557582493314,-0.7796780527723264,0.4350911318170596,0.3363381563531924,-0.8753706277502011,0.4611638127672244,0.25367444146748075,-0.9390955032003354,0.4438388286935855,0.5480210720407535,-0.5839402140272092,0.49126785386677274,0.5071006952631045,-0.7345588267934751,0.5304394899713565,0.4579960047113467,-0.8211968005788755,0.5636293827402163,0.3960630833017398,-0.887873596061511
0.2714088581510262,0.6151173137136178,-0.23762280200802677,0.19435432776886985,0.46564930901009605,-0.285209914296083,0.13944590315300986,0.3419578097768502,-0.3540837518863006,0.10934585556466148,0.2490378640599923,-0.4060230083755775,0.09728193506676719,0.12789508923966453,-0.4617466308168693,0.2129742823548989,0.3428648136563973,-0.5267445422701164,0.2065237186856942,0.18277830109078452,-0.6381622232488914,0.20200398787934348,0.07170304879624412,-0.6927733398966117,0.19859114512879417,-0.019844738393239525,-0.7297786749891563,0.2904201172300057,0.3958188913770394,-0.539560434966497,0.32188821062523887,0.2418654583402352,-0.6866801358751579,0.3416841648526864,0.12191307768303916,-0.7602710701517387,0.3521123550840096,0.01804355010468528,-0.8132675863794608,0.360667528957911,0.4517474196859078,-0.5386703290037437,0.41789508089501426,0.33018851503808067,-0.672909108548574,0.45495408997017905,0.2180264018483834,-0.7400258161119743,0.481045844406672,0.12480643615204856,-0.7823824860147758,0.4220424912877755,0.5033808968969063,-0.529545364528112,0.4846783898778634,0.4263992331929879,-0.6403246797613426,0.5208176396794991,0.3581941746183114,-0.700228182225637,0.5439904354520516,0.28827339634377525,-0.7439325429491325
0.20559170584861491,0.6125850949782536,-0.2849344692231351,0.1339996729392216,0.4652326379317448,-0.31029097620662,0.08898028474036906,0.32681175809089397,-0.35831178982075,0.05783679824058269,0.21171834807578777,-0.3960545982819393,0.036713239957730515,0.09798767905418132,-0.43739052374180104,0.1515051398772404,0.3215529594916508,-0.47706555087383534,0.19293316941444133,0.12227773409072612,-0.5485353495579555,0.23073497157279704,0.006893214990536911,-0.5767843749028041,0.2618050847548649,-0.0755127098065212,-0.5896414246064021,0.22609874348823283,0.3789093170661137,-0.4904108073216274,0.2805429373282597,0.1737572823065922,-0.5632737602692439,0.31873020272437785,0.045875367929379685,-0.5826228584748103,0.3443450603980229,-0.03958630819137837,-0.5939433898430659,0.29939880709830974,0.43907066922370647,-0.4955793793898418,0.37204631905738567,0.2483822379607365,-0.5606411423188045,0.41274806599799846,0.12318005900565837,-0.5773300852280452,0.4400827560919926,0.02814650278274272,-0.5853363301258876,0.3643110666770146,0.4951094065207646,-0.49634972472008015,0.4309239063758061,0.362552074005048,-0.548332991788943,0.464467254688184,0.2681876693267033,-0.5614318873387172,0.4897563729781315,0.18516441922370647,-0.5675855602722957
0.1844120556128246,0.5883353585016948,-0.3031771998860222,0.11387147843959156,0.45501586139323535,-0.32755632236478505,0.06714107930781665,0.3148746126902324,-0.3684656983601826,0.03786598980548206,0.1933536762011272,-0.4004953718173283,0.018532001377366214,0.0816963845503551,-0.4338459438073414,0.1313785547030193,0.30617316901805225,-0.4556153929221409,0.18513932168605152,0.10147305667521778,-0.5047981506573933,0.2274098628771526,0.00013037860514941713,-0.5169483041751164,0.2595138782274944,-0.06658709704754529,-0.5191227710234898,0.208775722385667,0.35973980367305103,-0.46467468798039135,0.2696396344912273,0.1443470650923473,-0.5141477501380223,0.3083838456881267,0.03338917434336963,-0.5203325515973347,0.33287914931895557,-0.036458737252928586,-0.522124043701865,0.28416010081889453,0.4143637055170757,-0.46717541575310406,0.35502287089946094,0.2072517508280498,-0.5072391098725575,0.3937231534731609,0.09562154948832813,-0.5081708794820088,0.41747411430003467,0.016128503681443362,-0.5067422902571934,0.34926130712153736,0.46443542182566944,-0.4673812603938359,0.4107890361559612,0.31275864780070606,-0.4999169921862858,0.44162859857203784,0.22055360019328418,-0.5011042571055668,0.4620418781054241,0.14172460973384204,-0.49832973539707837
0.18773071428147758,0.6094741668304583,-0.2894632402358833,0.11798246165124382,0.47648011108247246,-0.31499408411475216,0.07104130049554314,0.33890275617448296,-0.35893204102905785,0.04017634650079216,0.2211905564865252,-0.39416482339294945,0.021001681288160934,0.10962228437272514,-0.43166855017336403,0.12601043244210686,0.3315360393127581,-0.455805644790254,0.17046527524796928,0.1296634521087786,-0.5164175335565427,0.20659832616654838,0.019144996603407516,-0.5369713906446317,0.23774217029420341,-0.05985133389624153,-0.546547934810243,0.19873605628816093,0.38710258861390556,-0.4710299674669126,0.25076316257325615,0.17765031715241875,-0.5369537029662946,0.2893525805076739,0.05625621934739555,-0.554428622523866,0.31888399978486504,-0.02640332321318184,-0.563845947782121,0.27119301219788994,0.44944058318940605,-0.4796858731904844,0.33884613176194633,0.25170819421616997,-0.5393763486543516,0.3804879035553118,0.13171558042375053,-0.5533273671069959,0.40842448135224785,0.03447060247270073,-0.5597742054859022,0.3369110669693133,0.5076737250885149,-0.48493082861097847,0.3977543558677813,0.37360320945588554,-0.5383187387386182,0.42823283334580864,0.2797319736084124,-0.5523187075057844,0.4486651267608782,0.19092492719499077,-0.5580814931789259
0.186476220814437,0.5879658064524833,-0.28175123700412,0.1267441115061942,0.452970703570098,-0.28841789674952595,0.09096988054916294,0.3201897344271842,-0.32887865093544094,0.09556176277801426,0.20753898235961826,-0.36280471322134106,0.14541943880721958,0.14434792610809238,-0.40008315679624645,0.1254207095782462,0.3038593730609122,-0.45101768759086697,0.17663683506652744,0.11756752940818699,-0.5190909900982674,0.21759038182899387,0.01363419505760105,-0.5467087426502999,0.25013764712020786,-0.05814445999458401,-0.5613633492310341,0.1836632690112296,0.3697916469256583,-0.4740826585610208,0.24544670197173984,0.1626303395907584,-0.5486182072480019,0.2914702496211234,0.05071150275871189,-0.5650570490677651,0.3253304562251273,-0.018009970458298608,-0.571800658973008,0.25137682768508823,0.4397127232234183,-0.48817119983032314,0.32442041250869663,0.2493966421763602,-0.5522833564598855,0.37205370279952915,0.13513006779357822,-0.5633531012852486,0.403782208887786,0.04649220916435154,-0.565700063975602,0.31965400787994297,0.5046804747264091,-0.49697310713127224,0.38178255173370274,0.36752601477310093,-0.5485068359692391,0.41437824579879673,0.2755477628390494,-0.5588968494255837,0.4399329623858634,0.19367190214797886,-0.5619001784642037
0.1959282751928052,0.5813484485994062,-0.2920958333454925,0.15629455407960025,0.4321244057069501,-0.28153468614565524,0.15628197749955264,0.3004598911653241,-0.3150603421230832,0.19022864064080325,0.201874345148631,-0.35051738882558736,0.23557904323441592,0.1352808769593915,-0.38979525158303174,0.13079982956750003,0.2561518247972211,-0.42225919703143033,0.19655796846253482,0.08269569238526431,-0.49616037348406705,0.2525696452508649,0.0012947615037640636,-0.5326259587158481,0.29678657611710635,-0.05392211714880857,-0.552485675012044,0.16019374092919436,0.3372319634805402,-0.4587330524076739,0.23914930185181704,0.14334294160706607,-0.5399460945476809,0.30798628887040225,0.04702976306778994,-0.5607576970209399,0.3616462047944745,-0.012532145177296727,-0.5695712272276202,0.2127621467958173,0.41531971057755557,-0.4896605018724719,0.2964532073388776,0.2415457661996564,-0.5616079274763385,0.3653878267656049,0.13636335691315737,-0.5772946778883258,0.4138274486909589,0.05663815101487246,-0.5800096992601672,0.27534893115861026,0.4837969239602765,-0.5154077414621631,0.3440501984010419,0.3457029159913739,-0.5614706877817431,0.38649007638794985,0.2639497216592511,-0.5684344176401416,0.4211613829980573,0.19431588014466372,-0.5700679127325335
0.253896112400548,0.5635082077565355,-0.26911135185449686,0.2996334385457201,0.39065902944232656,-0.2497713688430624,0.3020707916798754,0.26589422937061025,-0.28547669124279784,0.3141567062916918,0.1838005733075304,-0.3289126317617731,0.3368878912511034,0.10123985524799062,-0.3806772354659872,0.19843071218158437,0.2163703691544695,-0.403077160161479,0.2584122371258898,0.07701324935580922,-0.49449605230663585,0.3167886685910387,0.00915884490634633,-0.5500360775408583,0.37617069001819325,-0.03526688103054332,-0.5874706852850752,0.19837897534991933,0.28982531543399526,-0.45856157426212596,0.26760345216418935,0.12815248485233022,-0.5676901090559797,0.3412489842953844,0.05413236733104421,-0.6206441569742994,0.40403276200916005,0.0031153809609575367,-0.6563289809641676,0.2219235848965807,0.3718806457104845,-0.5080572563824491,0.28745656724597646,0.23163002248431874,-0.606671457332118,0.3595343780102892,0.148081983286397,-0.6486432004389601,0.4165690493168993,0.08387311812068654,-0.6738104272303419,0.260392899471776,0.45194947238589955,-0.551377986711009,0.303087527710454,0.3563520264210863,-0.6326808381495314,0.34693848605777455,0.2823423099103136,-0.670566504043086,0.38500380035068227,0.21906914826060964,-0.697337721627696
0.2420697480431211,0.5322773724785459,-0.31313734668359006,0.3030928045502317,0.3969626098862302,-0.2913535527893889,0.299603369831146,0.26794609129339575,-0.2955094717451918,0.30499443113714575,0.18626442253500342,-0.31052639982752384,0.3369980722656858,0.12448617517858862,-0.33246228769510866,0.22280767261892676,0.1940403848877561,-0.3413621738561976,0.25314601957708716,0.07508665025144934,-0.3892471149572718,0.30622753202825903,0.015566197036803953,-0.4239439547070849,0.35969862043768286,-0.023795339466034182,-0.4496138870725024,0.19713970720678686,0.2234554558983457,-0.3818052813419688,0.23310973942190527,0.07759830057531714,-0.43547734916299463,0.301980283855499,0.014515069126189939,-0.47291699349969507,0.3639878898850095,-0.025325301290451296,-0.4995790749797213,0.1808509498825681,0.2752999335518491,-0.4214715093383181,0.2035711079826963,0.13472178280264258,-0.4737873554238665,0.2676126629105222,0.06293186247259497,-0.5069992572078097,0.32726350128561377,0.01566281616598486,-0.5292349487552035,0.1761088937512052,0.34406712353140234,-0.4582425236710894,0.18906572163015722,0.23270311653524756,-0.5086286097773898,0.22343119680792212,0.15692814886480688,-0.5396941334018099,0.2627797394981992,0.10046174824148535,-0.562401059270798
0.22511561965473714,0.5238749608946663,-0.3136979072876257,0.3069353327704293,0.39276804780491414,-0.28078740084639964,0.3173446879340035,0.2738169059706551,-0.28014576802126345,0.328037641997419,0.19898595666416707,-0.29510790104142604,0.3624102101279122,0.13648547982700887,-0.3173530268865007,0.2538533434820992,0.17941018199451986,-0.3084348239386755,0.29721190785893026,0.07041852926739278,-0.35088504845372614,0.33604606246479574,0.011390589232526449,-0.3843023701953071,0.3781437501860482,-0.033755190615572306,-0.41149293625823435,0.22252091025837484,0.19755574321278158,-0.35981580609551844,0.2616818771315438,0.06346785282620016,-0.4114432110833305,0.31166323279865804,-0.001489199643053385,-0.4501166566657203,0.3626342639876229,-0.0483300163792747,-0.4788346960591453,0.18955978011616292,0.23749389504917684,-0.4129504039334434,0.21371807908543172,0.10075982665546956,-0.46604844177237925,0.2605180368376595,0.030601315255246786,-0.5014025940941947,0.3083422408057076,-0.02468133712283549,-0.526645339970507,0.16014494752415243,0.29444428538807454,-0.4631763323592323,0.16953571891316,0.1899968013716561,-0.5193562432574409,0.19831880187519613,0.11893304442890706,-0.5560380592393058,0.23472651099690023,0.061041854376874594,-0.5836175158070701
0.16246757028352837,0.5246699762130937,-0.31145796360373973,0.2828167390609942,0.45761165139925103,-0.32331132212925334,0.3410849880958758,0.36368820188295464,-0.3432456094239988,0.3752084088112078,0.2973820876861773,-0.372159513405446,0.40651837108385186,0.229168744065877,-0.40807186695087333,0.27979144571077447,0.203786344506856,-0.342451256460432,0.35319182393800835,0.11474919436227898,-0.4047067228173055,0.40749982116472344,0.08194479463350396,-0.45905339600789924,0.4676288080002032,0.06600985048067193,-0.4999879586910047,0.2276024532104693,0.1994678687835894,-0.37964223208177467,0.2935582113052569,0.08482417581331353,-0.4506058830236234,0.35460552690279107,0.04978224752199273,-0.5166934567903319,0.42078921315919976,0.034997553804036186,-0.564993797562007,0.17011949537050347,0.22014615056764703,-0.4217489201043882,0.2155334663177691,0.10167399165880303,-0.49214775743234535,0.2619712662483416,0.04630953190576653,-0.5536783623908796,0.3141396355415545,0.012454600312825248,-0.5963977563594618,0.11038431642305474,0.2642278980995379,-0.4639106232141294,0.12823581812631707,0.1673791718269549,-0.5287875074361601,0.15667101857912163,0.10955616948854546,-0.5766953218196669,0.19730731961977105,0.06591227767717461,-0.6131209719394484
0.15935441879310563,0.4999721351055141,-0.3058909647510236,0.2805099788097377,0.45164641765632585,-0.3374905285449986,0.34571430114784196,0.37160703567542985,-0.37336216094217345,0.38350167898216203,0.31779268411674455,-0.41533741327247664,0.4228156509784694,0.27567192939796403,-0.464994996509171,0.30081662563362077,0.22478720573463395,-0.38068590285501525,0.3764768543628688,0.15841361907997087,-0.4625866857381825,0.43133381036796525,0.1426647606281276,-0.5306170580001836,0.48963770298042253,0.1498991551784511,-0.5800634321781163,0.24348577884712175,0.22408655313529924,-0.41715073557815596,0.30792245296516374,0.12354269651451066,-0.5133979168745045,0.3672210874942775,0.10651567606010393,-0.5960599181266789,0.42902657417335466,0.11545386938133195,-0.6544754204364781,0.18354591754951433,0.2441754641918178,-0.4584140774818425,0.22663518814125017,0.14509448436775163,-0.5521976497980122,0.27713790563621477,0.11081886319198564,-0.6269001063915257,0.3283295932201381,0.10849851397552446,-0.675836413821793,0.12092363862075761,0.28019961742439226,-0.500314831456757,0.13639590171852067,0.20075503019370988,-0.5809184310050969,0.16569569734611467,0.162286132851028,-0.6365693506809239,0.2045672836688991,0.14619734911003068,-0.6778632399650578
0.17672153193912377,0.48386206109485497,-0.2973883922697229,0.29073860127887596,0.4536212273355471,-0.34781354289093147,0.35716130216083397,0.3884754367586123,-0.40322408448495994,0.4001082368608462,0.34377886731586327,-0.45933109145202766,0.42152925212344994,0.3184908815141665,-0.5242666266445173,0.3203376122232424,0.2427481599565493,-0.4311902038339628,0.3968779035325991,0.1870513745065676,-0.5329074672941221,0.4533006139513003,0.19050611932239403,-0.6127021722082151,0.5128159113641726,0.22321804244480004,-0.6688200644735349,0.2609555907960879,0.24304892499408592,-0.46254011611976753,0.32899286229572167,0.16083498675784935,-0.5824245921854032,0.3883121200319277,0.1671459861513125,-0.6734086386446012,0.44652094323596825,0.20395394046268334,-0.7352680377248777,0.19715519626102318,0.26434548575839867,-0.4970272592786802,0.24304856736621727,0.18068163473567833,-0.6036208681348814,0.29608239610156883,0.1623798795457827,-0.681831400800134,0.3454863019700991,0.1790863462205874,-0.7326476089242948,0.13148512322864403,0.3038085289712893,-0.532846119213487,0.13834540922603478,0.2262435146089541,-0.6194359771493925,0.1694047637697207,0.1964738555665957,-0.6777940205816282,0.2096501775499331,0.19341473658046593,-0.7217121235612882
0.15935635304679507,0.4574229095004999,-0.3181421510503891,0.2621397349857294,0.43268221354713077,-0.3656545419372118,0.33136534428825015,0.37323683238258,-0.41483880841503507,0.38327669835319156,0.33128541445960635,-0.4632190343118704,0.4053526494525873,0.3156600568317377,-0.5186377342916525,0.3006642434619867,0.2360360596202814,-0.4402351852632559,0.3842204186939203,0.1834031913303339,-0.5299377616621054,0.4400768849872553,0.19980025029410953,-0.5978558983779944,0.4953858826183283,0.2404216501735651,-0.6436187651134527,0.24681371188392276,0.23469543194999332,-0.4648710813499487,0.3235357377551996,0.15393063163985843,-0.565747993824581,0.38587724900474185,0.1798527512573206,-0.6353540446735418,0.44387417769660586,0.2312641713642084,-0.6804799165702856,0.18361174798240298,0.2559756610416376,-0.49218200409183865,0.22938221431007022,0.17033636307944888,-0.5784492816902197,0.2792400095485651,0.16880127525558108,-0.631030711171726,0.3267335269473993,0.19168740248908633,-0.6638453927017248,0.11335676646461124,0.2942090604328119,-0.5216522690034903,0.11326765752067203,0.2161020610355341,-0.5883909192062414,0.14522257185210818,0.19293135142554874,-0.625968250272373,0.18701451754798526,0.1945064637683832,-0.6538975563026465
0.1563477085210992,0.46337308150312434,-0.29342341701616864,0.27228219967863093,0.4544337556936456,-0.331638029100685,0.34932907086393367,0.3956404493429376,-0.38903404611566533,0.4035650656797601,0.36557562809965144,-0.4453312887571143,0.4635051653959466,0.3607532547094537,-0.512250928463726,0.3255615995504571,0.27071125966093074,-0.47384162086465825,0.40308030110380183,0.23842199307462703,-0.5840504302404212,0.4610243604757501,0.2705238626577569,-0.663588596763401,0.5204277799703789,0.33314193945905696,-0.7198152973077583,0.26298572283765803,0.27129496794721614,-0.5146204813144493,0.3378730581381036,0.19363527160665522,-0.6490914954564857,0.39859993916532527,0.2348870800115777,-0.7409703566453743,0.45187832575819026,0.3084107802488519,-0.8028923704049873,0.19493077856084834,0.29186697464963923,-0.5529015793226051,0.2392683194257928,0.22242684823057185,-0.672565682115345,0.29153825503370295,0.22978915434858332,-0.7538444830797004,0.33595027190229426,0.26580538016340266,-0.8067764474771308,0.12368001204511653,0.3273214266874505,-0.5891715123079109,0.1273927853681756,0.26163973074934016,-0.6856360270402717,0.15379785161993037,0.24634780150434504,-0.7462403013131904,0.1866644785978509,0.25461514454862605,-0.7926144434831428
0.1492378011365374,0.45612191111044487,-0.2925896288174088,0.2699428096433123,0.4495837584157427,-0.34282586276336113,0.3447920575757464,0.4013246193547686,-0.40888358950419823,0.3982958689351519,0.37782018333868583,-0.4745091006140272,0.4555557861943682,0.35818784386114677,-0.5485949024538557,0.31960379034475883,0.26021437794165214,-0.47366167157693306,0.4084954753537615,0.25036298185782035,-0.5976878508905927,0.4632435932774981,0.30482303053335746,-0.6852977082113783,0.5125736489911517,0.3766330376286944,-0.7420225545744459,0.2561842098851641,0.2599049702306231,-0.5107781246285001,0.33994566351370414,0.2095429793019732,-0.656027714906172,0.39793895632223686,0.2744938626904925,-0.7494189843515913,0.4464110031743487,0.35380499512152275,-0.8083124861101667,0.18820085078672966,0.2769136920590838,-0.5491530701498548,0.23769896179632743,0.23252480179266533,-0.6760309144835035,0.28327034861044487,0.26321821361975273,-0.7556338712553541,0.3194457188268145,0.30734055191473564,-0.8030691251139204,0.11929478198484977,0.30968259722189506,-0.5871492430548231,0.12249123007254203,0.2495677366872271,-0.6803479298929731,0.1470444098134478,0.2512956157346209,-0.7357707425932447,0.1786397591252764,0.27288596779303154,-0.7767893776278059
0.09743849975143348,0.4202321324971763,-0.3355212993524219,0.20185102564369117,0.40001280647788917,-0.3684735890003594,0.2826537047055808,0.36933977943931495,-0.4154752563210877,0.3402409110692588,0.3727685366300193,-0.4643174703689965,0.39433218580757057,0.3848335896161643,-0.5173988636108788,0.2470155511525718,0.2069062147763816,-0.45478135305370415,0.3513953838971702,0.23900760752235328,-0.5461587901684197,0.4037135396627036,0.3253855858472434,-0.6072771992060098,0.4451046739247886,0.4122970257428733,-0.6412167693945321,0.18813891750846778,0.2002887282994834,-0.4807067062231454,0.2870891843465415,0.20872260672126686,-0.5753572429987344,0.34612269741569435,0.302011624398574,-0.6273027207228097,0.38684524637733375,0.3935269866612998,-0.6555415536734017,0.12377138477836525,0.22064925772224342,-0.5080253924700173,0.18203212362800514,0.21994896275077735,-0.588846519169465,0.22938223225150978,0.28715933901344215,-0.6265416886183175,0.2653921399739829,0.3495865021375266,-0.6431997563215646,0.06315271598373329,0.2595413480428306,-0.5358551587435159,0.06020452124153053,0.2163717303899375,-0.5873372103544625,0.085351810279235,0.2375962291387168,-0.6060340251299294,0.11702330452476417,0.2777145062116233,-0.6167842890592965
0.07845483045097323,0.404192217392883,-0.3419788111954952,0.18317193607803317,0.3952193937730405,-0.36487558973018197,0.2616710744332883,0.38095302204605075,-0.4099155135918048,0.3218326650094602,0.4030183039140317,-0.4589148156810191,0.3792468390893552,0.4388914785813901,-0.5133635618257907,0.2500656328630063,0.20013994793411227,-0.4585723199415591,0.3461485586595151,0.2777320824098203,-0.5509504296350863,0.38915253500457736,0.384659119648895,-0.6102898635435489,0.4175551019143674,0.4831168137025449,-0.6416101672220614,0.18865383486267062,0.1849564395379636,-0.4897281893062976,0.28311992506500216,0.23210007767196628,-0.5817266323137668,0.33277858118530246,0.34117896179672214,-0.625565878348389,0.3568936667871091,0.4439109049272153,-0.6485641517210391,0.11587799410339328,0.20638055424209567,-0.5219390310812381,0.17325741867538424,0.2442079863977048,-0.6065648414659884,0.21073997835632297,0.33598095993514987,-0.6407348432112124,0.23310334305282565,0.4137760482263181,-0.653043232159653,0.045252986950835905,0.2504221878480527,-0.5532728799152759,0.038046040339431486,0.22053331951614352,-0.6097772934008029,0.06228203396316501,0.24926764587875339,-0.6291639127302554,0.09127784590240451,0.30050576548095675,-0.6391740955877688
0.042769822414517045,0.4434235423165556,-0.36830227650163366,0.1502974360543486,0.43832126551449263,-0.3954459660393003,0.23181489401638472,0.43016049557507,-0.4382135093849901,0.2920650570946928,0.4506419032174345,-0.48598666197478807,0.3500720589715239,0.48443493538677657,-0.5368209154051546,0.2413635581094023,0.18096086674511397,-0.44788256740987337,0.31782767468273604,0.2891601651269194,-0.5328731507700686,0.3495009272652861,0.4057278364259001,-0.593486708466411,0.3739590375977751,0.5094924300271269,-0.6252213091295962,0.17932758026897871,0.15760818415462935,-0.47365183091580904,0.2525412767487761,0.2584870784837004,-0.5577709496659045,0.2937324970322844,0.3810643284875151,-0.6031674713534121,0.3173419564324614,0.49160364561855757,-0.6252229184550051,0.0991872280198332,0.1749718516427275,-0.5028067351025347,0.14057871990978682,0.2515902846413847,-0.58159507519424,0.172964188392758,0.36393991404354537,-0.6117638618391756,0.19644686871349776,0.45510253601849043,-0.6179102034014468,0.017894598777889847,0.2175794571000334,-0.5327499926728014,0.013416084583401322,0.21095589094936812,-0.5841370344799761,0.03648910218059981,0.25889769488155806,-0.5964750320357088,0.06338149600803816,0.3216421931344267,-0.5972543925684695
0.06866812850124632,0.38149547721035276,-0.35362558434797847,0.1654469385255078,0.40986639405376707,-0.3969721295427581,0.2411864414323071,0.45118409539348875,-0.45519376402013506,0.29889530087597166,0.5203552856553295,-0.5170338288437626,0.34886104012615476,0.5809482946503857,-0.5828932211291096,0.26730668688900266,0.18364906455166136,-0.4763335794698497,0.3162499680627087,0.34174680853969847,-0.5768911526095173,0.3304811134446362,0.47828805590755735,-0.6497776791941425,0.33969324971325193,0.593053878794978,-0.689925162542989,0.18779045487530027,0.15641969586498533,-0.4992855176817676,0.2322108759988049,0.3239011778939465,-0.5949452057968876,0.25326913739330564,0.47662878180630003,-0.6443787798773548,0.26077181244976316,0.599794806491206,-0.6725732967745564,0.09738481188900266,0.1695548906434277,-0.5250147566687366,0.12476986790783201,0.28878194237835203,-0.6100833997618458,0.14254242325908933,0.4290415659058789,-0.6347762033831379,0.1536591663468579,0.5408672704804638,-0.6395123884569904,0.013496012936900004,0.20803165579921995,-0.5536150023829243,0.007102729331324442,0.22360199833996092,-0.6089990124594471,0.021809877406428202,0.2867034092057446,-0.6182037875544331,0.0384337320435742,0.3642290248978833,-0.6181398913752338
0.10430972408547612,0.3420722348619959,-0.3053919140524274,0.19290651511445256,0.39357756208672734,-0.37738585341677455,0.2805154187609217,0.4122934205462,-0.42813846338496,0.3352764708925745,0.4232865436007044,-0.4757499532769659,0.3733604414392969,0.4454398019243738,-0.5245834426949957,0.2934260232378504,0.22394798826470586,-0.4212099077175596,0.2866251928736231,0.35132329296364995,-0.5099616186688879,0.2591082913805506,0.4741338355471155,-0.5712598400186041,0.22732328008904668,0.5779962403704187,-0.6017229991029241,0.21817247699990483,0.16831852626099797,-0.4202065007756689,0.2004788978029749,0.2710313661028406,-0.508240340835903,0.16569183897271367,0.4000231487680933,-0.5546598719428518,0.1275997621943018,0.5110240442682764,-0.5795191364358404,0.13517724107995244,0.14593835305466862,-0.42565064746842174,0.11870943140282841,0.2041075689722559,-0.5139629380773046,0.07218794655099126,0.313538001291897,-0.5462023006747702,0.028876112215664107,0.4130228621889612,-0.5535562919448355,0.057990418188717086,0.14607904981866093,-0.43517981339201717,0.04412235450043889,0.14370559286370488,-0.4963224815200308,0.011617825739528853,0.18475420903458806,-0.515064059383724,-0.02539349961981563,0.23193918298974248,-0.521666614897106
0.14058785979295318,0.3014016086294705,-0.301205391430477,0.22194861714387482,0.3572100335791165,-0.36000477056359703,0.30215274636293,0.3931307727530057,-0.40499756391500885,0.3390111262037808,0.427024298353439,-0.44983366783117706,0.3346488410666043,0.4603413278296048,-0.4978572940394824,0.29877197091126984,0.23593729083085602,-0.4072717120811885,0.2672059470846707,0.36275636498475616,-0.4888442372844165,0.2279642755224759,0.47493516747499054,-0.5463224714562839,0.18815346900964325,0.5680580074026639,-0.5746402507588809,0.22509687487626617,0.17126461212182587,-0.4094941532180255,0.18531649653459137,0.2743335301115567,-0.4839590256974643,0.14281886164689606,0.38646613900209015,-0.52502090390181,0.09962778632188385,0.48382329289460724,-0.5496787941024249,0.14767726604486053,0.13720881287599151,-0.41635637636637146,0.11193724815393036,0.1953515941336209,-0.4896636074349826,0.05367349926972931,0.2813102537825162,-0.5200297748610919,0.0013147527411038196,0.36209910456681793,-0.5302077149913257,0.07701685373330658,0.12533807103181427,-0.4270034944579547,0.04501860682511871,0.1284072035982663,-0.4738136744067615,0.0028088325693661487,0.15590100829148834,-0.4892297899291461,-0.04310566838240082,0.19044130389237945,-0.49695139284586365
0.1611713033291005,0.3306173246475362,-0.27889857740032425,0.21724729352914324,0.4128720920654439,-0.36723003423489103,0.276286260423293,0.45703961068116655,-0.43145324176825056,0.27776385956727495,0.5098775189491414,-0.4905615437654353,0.25891979151689043,0.553533152875533,-0.5511333484081127,0.30021049195252886,0.25352729969941606,-0.41287237292803297,0.2439144414039754,0.3361339729400777,-0.5031716663268901,0.1633877616497182,0.41090674811326494,-0.5684429544833995,0.0880766373249196,0.4652314942451619,-0.6020107407001354,0.2619311969848775,0.18011371904336443,-0.4016433123377658,0.19378595167123308,0.25282348805390825,-0.48416775352037916,0.11240030938111772,0.3414616745086812,-0.5277318794158794,0.0351981680961751,0.4160348337265157,-0.5516979236034252,0.2131551366420888,0.1426599782081746,-0.39711859709299574,0.1476307075592183,0.19177924209558,-0.4757348436740733,0.06466306858979692,0.2686031621071004,-0.5023693729070522,-0.014678402605424024,0.33352239542924395,-0.5079097438482143,0.15788619333230486,0.1252322655292653,-0.39866068846262465,0.1217566590877675,0.1255890589328908,-0.4466785330203868,0.06259556227647295,0.16371484213792314,-0.4553103435663081,-0.0042743522552348145,0.2008325319858693,-0.45633697396791945
0.431189117157885,0.6293041083459343,-0.3272743942733314,0.2944461080674614,0.6062530848626579,-0.37950009745912894,0.18179964753431932,0.4766777727250542,-0.39812012282567366,0.11878221961302415,0.34398573371214525,-0.4133771237488304,0.06275543304724351,0.2326363894586052,-0.4263144311066185,0.22835224601072923,0.2439412448052849,-0.3486850791181837,0.13837080928129808,0.11035841437620775,-0.3854746733363186,0.07946729394240037,0.03166857095999376,-0.4186448257918869,0.02992036672873155,-0.04330173400597914,-0.4443454992528473,0.30788778992933885,0.1888371679429497,-0.35480965939717635,0.24511027070326463,0.014950242960878768,-0.3812086347992931,0.20421474906248704,-0.09910899666505202,-0.4101799827571426,0.16873341532988206,-0.20126095679955824,-0.43309548762994154,0.39258807631773607,0.18737894030851976,-0.37134366748290404,0.36526912184996263,0.009915826046892562,-0.40764885661559447,0.3458062979821648,-0.10505572227197035,-0.43441285458760603,0.3238300058488335,-0.21586996582703932,-0.4537647542114769,0.48058050605101243,0.22439259024901048,-0.39323561904387816,0.5025516125802483,0.08531588050169603,-0.43094229963975295,0.5126972767953362,-0.013678076540998063,-0.4489419337864433,0.5154122683648552,-0.11473024157243117,-0.46105490890698775
0.4693063317937079,0.6739187060994329,-0.30967325002454044,0.3352919637364569,0.6876886903447332,-0.37100566857035727,0.19979063860599428,0.6120348989171209,-0.40598876335199446,0.09789777986232667,0.5206873833340826,-0.43624724753673644,-0.0012555600004968137,0.44436029783908754,-0.46670352228458495,0.1837538003129187,0.3900887190503302,-0.3761732310849008,0.050993275563162854,0.29829512230579286,-0.43339211054618926,-0.03619589217479796,0.24670247427646547,-0.4760570556717691,-0.11452021010692687,0.19798974386875062,-0.5068926245766459,0.2555403529805365,0.30361972443286805,-0.38683129407938094,0.1482640921277228,0.1465419947308722,-0.43696727164562316,0.07335169307414918,0.04286093703929811,-0.480708021004754,-0.00021912463481993383,-0.05244313486393065,-0.5125379592972574,0.34402380577747255,0.27273057095233827,-0.4059257090884027,0.27840248934451967,0.09848822347347169,-0.4670361758070764,0.22850070587818055,-0.020904737790184924,-0.5107210756140528,0.17069659821216493,-0.13207732446964354,-0.5396251411038218,0.442018550555152,0.2820936261815253,-0.4283537522750673,0.4405013143223944,0.1283346234959784,-0.4859231592016992,0.4336924969357672,0.01689289204303651,-0.5144931704598246,0.4150824367207709,-0.08843227036769957,-0.5331324965554056
0.48282484568261,0.6460277274956594,-0.3072556010423045,0.34376059330605363,0.6956855491509328,-0.3726210682878604,0.2028532461037526,0.638886733423699,-0.40752746306754256,0.10019452727936601,0.5669381455292593,-0.4381980165133586,0.0013324753155598557,0.5041183070053945,-0.4697317048201671,0.16939546025894975,0.4158530668129811,-0.3693045727203002,0.029516412388313762,0.3570340708603749,-0.42981913827754165,-0.06534807525969649,0.3211587504258046,-0.47643138610221053,-0.14623181663848067,0.2874503568520436,-0.5091504617819895,0.2303302124848256,0.31766490496300553,-0.3778313040027728,0.10376490510605668,0.18585140861176347,-0.42476778619385863,0.017016990553368083,0.09843869365357255,-0.4655890329966655,-0.06350703679419661,0.018595053326118938,-0.4953789725194087,0.31341855085991716,0.2689848975052724,-0.39689427756167556,0.22217999256752824,0.11532612002991532,-0.45349519096709395,0.15857241905831193,0.00897617496155595,-0.4942018999943843,0.09492026127480363,-0.08722014867163802,-0.5217421218047251,0.4083593324532399,0.2583637074341664,-0.42087966345645095,0.38032911575936174,0.11397544897698259,-0.4757312997470012,0.35871730602883195,0.011918170820702068,-0.5030955835471262,0.3307304219117055,-0.08617063008643294,-0.5213401033768763
0.49262394651867863,0.6066951964805316,-0.2899631882316935,0.3622014139602375,0.6884979222724628,-0.37973266944191936,0.2225834344337177,0.6684733246276569,-0.4326152141382504,0.1184625242660236,0.6241565559814166,-0.4786870862533856,0.007091632933397263,0.583344898075838,-0.5266591097404767,0.16895227775074956,0.45479520306088445,-0.39086865737936977,0.0235480283210468,0.42579402670361516,-0.46373663201830867,-0.07520843401453975,0.4077418659637165,-0.5150068636228848,-0.15533734217188838,0.3953508947799396,-0.5491742874672223,0.22382040962674138,0.3509168837974262,-0.3957143436362553,0.08262356266476628,0.2398529861877155,-0.4503406073143292,-0.010062196402769119,0.16735430702664372,-0.49108237877390865,-0.0989260460426617,0.10028990253903386,-0.5209993059923459,0.30142154440381047,0.2853421185920429,-0.41396831080220226,0.19530501112439153,0.15754600510098454,-0.4782033945610333,0.12130763277508733,0.06706686958767888,-0.5225356753160764,0.04625060305096623,-0.014567562489728958,-0.5532820011665631,0.3891449783752155,0.25066848740078923,-0.4397448386242199,0.3444172953078937,0.11790736660458562,-0.502156132011633,0.3142702792594623,0.02529667958714482,-0.536113971023779,0.27686264261700627,-0.06295050039790157,-0.5603419627239514
0.5110863821801772,0.5777541773614516,-0.28523362974606387,0.3850133197602858,0.6756688731011977,-0.36951478549865585,0.23851338794799942,0.6709337609109511,-0.419316179842032,0.12819475701423783,0.648211993485414,-0.46247159668830734,0.01525262764068741,0.6333538072404494,-0.508648358077086,0.1755079405603041,0.47320101430984635,-0.3958806840482126,0.02471438816162247,0.4617314117250075,-0.471810333222426,-0.07754536697296005,0.45131961277099747,-0.5241755915584931,-0.16080974766639572,0.4413754122552504,-0.5601873917284379,0.22156635692688126,0.36118523052307266,-0.40434305349019867,0.07103113105865616,0.27263782194229264,-0.4674360824528108,-0.028421155900038297,0.20980311205955643,-0.5140332055988679,-0.12133511135009628,0.15345255306335587,-0.5481824500265489,0.29304895570846695,0.2853198426065077,-0.4243814272585283,0.18234018257232804,0.1707133429345717,-0.4971219969692598,0.10048786571594376,0.08698538711639542,-0.5485131962004075,0.020512737542115633,0.015364475756608431,-0.5836321634951005,0.37708810737701554,0.24059126546951431,-0.45044208297160965,0.3262386696633925,0.10861156156631607,-0.5205609721842179,0.2889529841241469,0.016949750691377108,-0.5606301946344743,0.24483142068954605,-0.06575085946945053,-0.5891680044832597
0.5238023106600239,0.5245237652803852,-0.2610065757646608,0.4068698589350178,0.6501199309374287,-0.3644134248946712,0.27176168604149364,0.6677172486330464,-0.4288435276006267,0.16640770478500866,0.659823924734731,-0.48485334174380756,0.05327448292030834,0.6635204855944111,-0.5442107911561535,0.19275945468201183,0.46982345028175854,-0.39675958411441303,0.041361600592274894,0.4834992591883137,-0.48183575229392506,-0.06354519681678272,0.48768928690208935,-0.5382196004842327,-0.1470861430619762,0.48977223081841015,-0.5761664803479717,0.23298493070854687,0.35268750829948925,-0.4016025211070583,0.07181140823616528,0.2814404074694111,-0.4709999407981441,-0.03093680696235157,0.23662480755104565,-0.5167064662431285,-0.13043981747374989,0.19313338442101025,-0.5499842460607097,0.29884871883644604,0.2629813854242756,-0.42043442980990864,0.17284324808372997,0.16331777019753002,-0.49920603589759327,0.08556318326248669,0.0947424177671864,-0.5513023431752727,-0.0023997421716258627,0.031799644663472404,-0.5873068268750713,0.3765179817224934,0.19909203095688366,-0.44742502228961445,0.3137682978655293,0.07735171957268261,-0.5235140021298931,0.269189089968343,-0.008521496817927132,-0.5672451253388927,0.21717345757736706,-0.0905826087449596,-0.5990502233956859
0.5222058493453923,0.49616702383345984,-0.27546606318523953,0.42797913139647864,0.6291446286994877,-0.3674898173850117,0.29633816068953894,0.6839780408698979,-0.42392858380489923,0.19973575061149024,0.7003620464164677,-0.4702490370910702,0.11351927107161902,0.7199673849899235,-0.5190854024332103,0.17120342439002417,0.5088349181968632,-0.41400762910061456,0.014084239657587039,0.5412387449104252,-0.4981766592901287,-0.0927162867229519,0.5607768494445744,-0.5584874551933345,-0.18149448448830224,0.575279434378809,-0.6004319887798366,0.19476385896987342,0.38233347719497107,-0.4184902709167538,0.03223078435248755,0.34986235683745764,-0.49297192210369684,-0.07792056614571191,0.3229103881675663,-0.5475333135765132,-0.18065736705475427,0.2989940244514408,-0.5860078733604488,0.25219329183883094,0.280773122962183,-0.43272006029301263,0.11709990089721106,0.2040325004417362,-0.5109678011577663,0.02153750246352576,0.15004097407645606,-0.5647980671566066,-0.07070819551163293,0.10552184766120337,-0.6006596189182338,0.3306911784965458,0.20313771551436804,-0.4530788164775906,0.25205113476104163,0.0866069394905033,-0.5253186326664028,0.19363241380042456,0.00909705942458533,-0.5643302004974422,0.13022582715339087,-0.05986479932480432,-0.5909902852218685
0.532288855722471,0.46053922813229153,-0.2661815508974419,0.4448598686962564,0.6083509389667947,-0.3695265140027564,0.31002575795940945,0.6721568171291787,-0.43027570206828525,0.20241249244503567,0.6976263586788614,-0.47936517853446414,0.1065303150921304,0.7251505319385965,-0.531563067028002,0.18868721168331692,0.5105593864231546,-0.41919782120891025,0.03372455280117581,0.5603482190876443,-0.5098952587337058,-0.07106771428294589,0.5898214642315347,-0.572604828664736,-0.15976669747538974,0.6091951195507486,-0.6159541245193045,0.20274818580441067,0.3817489806919534,-0.42022181410499027,0.034164017847104766,0.36493880193523953,-0.4987703945130866,-0.07744404036708286,0.3483254973202188,-0.5539863641948264,-0.18143581707187106,0.33401907127193997,-0.5937047537059348,0.2539296809940774,0.2712531153469522,-0.4321366484851401,0.11258954446606229,0.20672420304112027,-0.5155336942166846,0.013856178930326202,0.16102606694988797,-0.5715908642501395,-0.08133312422938754,0.1238824788837869,-0.6093158360213797,0.3271527950077493,0.18124032657436917,-0.4510161514968436,0.24216247241787503,0.07147390287212918,-0.5284976299495261,0.18097943704418729,-0.0010139580459158637,-0.571498655864672,0.1143573586254556,-0.06442584950633456,-0.6015251811236899
0.6155523034795826,0.37693589656201054,-0.2721415651452256,0.5215737792715137,0.5215135189756458,-0.36084250630292247,0.38565683095303227,0.5894315811857288,-0.41332404585036586,0.2657006952032154,0.615060982392699,-0.4551885303989346,0.15724086491909672,0.6509474488958423,-0.4991171386972363,0.2736797901853626,0.4152725908025806,-0.402266162349313,0.11751568047848393,0.47567254035320927,-0.4846961227193768,0.014456120417982832,0.518802699731261,-0.5414032963052685,-0.07881316812190364,0.5483831736311023,-0.5807886448636944,0.27905028788891484,0.27756654946652104,-0.40542918713244747,0.10882740943279912,0.2623718353971546,-0.48093791575583766,-0.009550484730332598,0.2459797236188953,-0.5359433320299084,-0.1203292933240826,0.23030113904324223,-0.5751267698541577,0.32648569075909306,0.1659197482332294,-0.4171309051052029,0.18386041848507573,0.10076808659878422,-0.4984749880567486,0.08075985042896916,0.057766226218611494,-0.5504828420415814,-0.017729076458543047,0.025419768975645796,-0.5835974541440899,0.40081804721203496,0.07622340051975895,-0.4335297224059994,0.3097745153173511,-0.030414226366608843,-0.5047435638442929,0.24487948148098637,-0.10181948812159847,-0.5397862818971569,0.1774381968244617,-0.16102853686961482,-0.5629716244474346
0.7031500166180887,0.31014995033772375,-0.2681501043275819,0.6385077660802164,0.47596870119603063,-0.38852872197596644,0.5193576639416971,0.5601303404095926,-0.46802720670668696,0.4075565760854044,0.5985795086148539,-0.5324523622271261,0.2932757561925211,0.659152609658555,-0.6027967209097586,0.39820329601796056,0.3989147370579996,-0.48181948308913325,0.24376545603306676,0.46976826841862585,-0.5914499933001242,0.14645053203137304,0.5303617542508402,-0.6636545831438742,0.054980052066163076,0.5805278843167582,-0.7140396112677297,0.4016202514889994,0.2511867111447611,-0.4822272384640417,0.22820971663029577,0.2448368495229044,-0.5873231763121328,0.11148480827839757,0.24411032850773717,-0.6647866541620931,-0.007032977986021982,0.241537613225297,-0.7226698571917257,0.4453168338063517,0.1282449489358225,-0.48994446043936823,0.29565362389119054,0.06562025601895238,-0.5968235010382376,0.19122262055905248,0.03026686365635778,-0.6695719236609182,0.08740786964924718,0.005529803586319937,-0.7197652036425314,0.5158315723660746,0.02594290430577184,-0.5029751682755194,0.4152616089108744,-0.0805137032744131,-0.5965384120222769,0.344761592698411,-0.15393238012759303,-0.648721324848815,0.27175257856877233,-0.21384068076579188,-0.6870147759196005
0.7307909210079885,0.2680879314297414,-0.3024275881396278,0.6854448993557668,0.42832154825865987,-0.418262116158607,0.5734363277310109,0.5287805278652883,-0.49967465504467723,0.4682524879330373,0.5915898759716726,-0.5667999903804087,0.3612733562344289,0.6715688784474111,-0.6408511917239451,0.4495706637257314,0.39309657410323384,-0.5185483615046763,0.297347493922112,0.48865778044402364,-0.633983961785438,0.20471269682585957,0.5724248369091726,-0.7130300919657969,0.12109950975119832,0.6447727163189626,-0.767629585707786,0.44105512694060567,0.23915035322844747,-0.5209638099318766,0.26848334864318135,0.2582639534825063,-0.6286922912246012,0.15442127779662373,0.2813137252682424,-0.7095752875453257,0.03897462085425618,0.3030451019161916,-0.7700049500113749,0.47456342772185567,0.10411138132750752,-0.5298511604911113,0.314881571089623,0.06631190375029805,-0.6363357822543406,0.2052234490269399,0.048017211710808305,-0.7089537005072856,0.09429497317015889,0.0385214169377065,-0.7597492258197093,0.5375187476032949,-0.011053077424170943,-0.5431729774123454,0.42890024975478414,-0.10415702267945048,-0.6343347649222636,0.35254503086745503,-0.16628240748703715,-0.6833268026953959,0.27271289423644307,-0.21394409939110515,-0.7199338893538737
0.7534680509004302,0.2875472449693389,-0.30450892874251434,0.7303980731401153,0.45972688430878594,-0.4533824331131272,0.6242353462609954,0.5617560290727325,-0.5617193437185578,0.524436070862741,0.6292779588136382,-0.6502437449064545,0.4272444390687652,0.7475106858644195,-0.7504663920965485,0.5221960687074371,0.42889393800827935,-0.6099524057474427,0.3859926604661651,0.5307399176988311,-0.7577556825247102,0.3089773797425933,0.621825351658792,-0.8601681447592072,0.24095441335770562,0.7066239261064239,-0.9312416768636994,0.5100713514718719,0.276392116490335,-0.6088972843256287,0.3413813256654449,0.31118299001786187,-0.7518828666773133,0.23408748144242242,0.34683383936020806,-0.8632446981039338,0.12198670143219903,0.38063527578446343,-0.9500511146154694,0.5329728865060516,0.13204298848244622,-0.6124154782858185,0.37489916318985894,0.11255861753556207,-0.7476399696436219,0.26339878076645806,0.10538817876908257,-0.8483987904157929,0.1557627164754577,0.10339243644806817,-0.9230403757658295,0.5823693417939849,0.009278192463845758,-0.6211390352812104,0.47272975677582696,-0.07455726033118293,-0.7308947301473908,0.3914678239259429,-0.12764425640967414,-0.7990896857347779,0.3110901259813018,-0.16717313295271918,-0.8562190986242585
0.8119409734396745,0.37356055323169723,-0.48329212487675566,0.6782487088827898,0.45333880726383224,-0.5519950261326025,0.53492218796299,0.46175534073398605,-0.5934478661031912,0.42258310858295456,0.40028709713504806,-0.6190782135338972,0.33577752653644577,0.33220971170948044,-0.6392008906216811,0.5439149791388322,0.2291768843321611,-0.6272194778533171,0.3914707953123857,0.15907085482166305,-0.6709150468917082,0.300099497476082,0.12622178141162887,-0.6930133944363783,0.2270312363295366,0.09303784910724655,-0.7084433680386732,0.5964542085318376,0.10039789024875656,-0.6089328622431944,0.4940573627142717,-0.06324940379573807,-0.6598510390134047,0.42721647564456955,-0.17821567710353836,-0.6835417395444106,0.3815608674673845,-0.2671113854260634,-0.700351963004608,0.6579043323187639,0.04037148300693527,-0.5878697877736281,0.5990541631369402,-0.06718086656047806,-0.6236727928729247,0.5740497762350847,-0.07666587289287552,-0.6238767152638625,0.5626397782950212,-0.07325267251445755,-0.6193674301715086,0.7156655246405412,0.019233530202369842,-0.5701760521145056,0.669434374013405,-0.07821422275020584,-0.6003489961834143,0.6530262881903459,-0.08715360816432938,-0.59790441598608,0.6502376252798845,-0.07264834102107987,-0.5897603204460333
0.5252930010474122,0.6202174509680665,-0.29215991022353577,0.39667029034260864,0.7433517063773072,-0.3877674778186882,0.2629391635573303,0.7725837315237916,-0.4560214792573059,0.16835139047268982,0.8006765926993287,-0.5160926793896758,0.07673470031384583,0.8264319981253541,-0.5822114859902465,0.15727026116017456,0.5470720018065369,-0.4499373351418579,-0.0025994991147125224,0.5317862118399537,-0.5450511490189636,-0.11836450446482544,0.5168308700240052,-0.616819760688504,-0.21311499822970276,0.504018851629535,-0.6697703813397491,0.21191985260609741,0.43210632454518433,-0.4629596685254181,0.06253612887028809,0.34474361788395996,-0.5501975928628051,-0.0408894335114563,0.2909137095129883,-0.6163419698559844,-0.14547281611796264,0.24281800638798828,-0.6652107154213989,0.2926939214384949,0.35547227512959595,-0.4860103939854706,0.17410386454228516,0.2327197874701416,-0.5780829404675567,0.08746416222218628,0.15303916584614868,-0.6445527290188873,0.0004955614722167989,0.08347807180050965,-0.6905994926774108,0.3861723030722534,0.31222886692647095,-0.514932176955899,0.32957691799763794,0.17237941276196594,-0.6063460623108947,0.28143520008687134,0.08432848106984253,-0.6592652117096984,0.22459889303807373,0.0017790878928100606,-0.6964599703633392
