0.05681704781493102,0.5341973831458942,-0.38805630283071957,0.13828783534010802,0.3446291615768329,-0.4302669758395299,0.19151680968245421,0.1666365196510211,-0.46725580044547166,0.21174239418944274,0.03419005177458678,-0.5008284742430791,0.23137652180632506,-0.10671050049820985,-0.5274296472267255,0.10676609776457702,0.13020258448561584,-0.4921165774063214,0.29553317330321227,0.20676504872282897,-0.5477885077194318,0.28858511946638976,0.2570536067291156,-0.5674050966695889,0.24213963053664123,0.2504259874626056,-0.5818674782709226,0.07069026730498229,0.25735502741774474,-0.505237258453761,0.2942811777397052,0.339143924932088,-0.5511661837295636,0.2633848120971576,0.3634706070228473,-0.5505065838293179,0.21067064307173644,0.3433378865524188,-0.5604686061338529,0.055844955663289175,0.39180021784743224,-0.5214564124540433,0.2690032055183307,0.4686867525382892,-0.5604596654371365,0.23149257204970275,0.4786509802146808,-0.5377344409422025,0.1773249437614337,0.4475915958686725,-0.530155591149722,0.05520471237143432,0.5161847998901263,-0.5435576061205014,0.22778230212172423,0.5772262146278277,-0.574795968313609,0.19783466361006652,0.573331051091756,-0.5686415354208096,0.13556104205092345,0.5492376615806476,-0.5680517772630795
0.10398241204000042,0.49108832401013897,-0.3842705782507318,0.17183231633878276,0.3276489309666209,-0.43131271678232624,0.21635335010266826,0.15620493215299175,-0.45641536194109394,0.24318420213437603,0.023258917748694874,-0.47739864069246724,0.271150522649055,-0.11115936118387654,-0.49479121643328144,0.10401725095487163,0.117976956784492,-0.4647031717302747,0.288580828130012,0.23334663432813213,-0.5157466896178671,0.27154099267697857,0.2795827321407847,-0.5455606051089712,0.21205376905179546,0.2660514048931651,-0.5704642452599951,0.04679875892377422,0.2316536836025767,-0.4714892573955007,0.2637732557652049,0.3562744788525157,-0.5127209790351339,0.2266350321171336,0.3734919361469798,-0.5244106866719671,0.16291391175962017,0.35001915019727275,-0.5439946271779486,0.018195294558768726,0.3627239994404368,-0.48291385847353413,0.2193015746471934,0.47224789184308574,-0.522666490853066,0.18413358253217266,0.4806267551777415,-0.5152515985372015,0.12533252757764385,0.4459465078709178,-0.5166200466754385,0.007530503690009571,0.4914576343891673,-0.5011819742920347,0.17210208696103618,0.5704030327198557,-0.5406296022536703,0.15037243884778545,0.5640629462597422,-0.5478320636155554,0.09295427125669048,0.5388694338200144,-0.5541413940789648
0.09155283513306556,0.4744081610703367,-0.361764162467089,0.19202489795922217,0.34819937887429175,-0.4132043717539412,0.2513933891320127,0.184979628946771,-0.4428507646656138,0.2917797678971189,0.06155295315026221,-0.46868235972882333,0.3261852377915281,-0.06339966115714135,-0.4891197418904406,0.11236266436814246,0.1113702768349546,-0.45204706099988046,0.2779089921975034,0.23575253429650245,-0.5132536774611575,0.26141728105782447,0.29837073030709205,-0.5466859674191576,0.20607395115136085,0.2764204854035276,-0.5728685444331271,0.03911156597374854,0.20471949520348487,-0.45946231839419427,0.244916152384271,0.34922338667153296,-0.5124474352336031,0.2107909435295957,0.38117922487496314,-0.5228488182759387,0.14629728737114844,0.34663040580986915,-0.537866566154967,-0.00236542877913537,0.32455266657113013,-0.47300848719836297,0.19198257866143165,0.4612947815918821,-0.5189139282441241,0.1651277059578794,0.478578638460626,-0.5058932488894564,0.10959021392105994,0.4340255970024961,-0.5022256856894595,-0.025884438130865717,0.44661517086266456,-0.49427761492491784,0.1328449660801786,0.5585512632393735,-0.5361656433081728,0.12135575356720862,0.559372198011865,-0.5425318813061816,0.07119179907082496,0.5255798810982603,-0.5475170349812609
0.09887217531536319,0.4826886261496375,-0.3522789400907991,0.21103837142322757,0.36441226849888064,-0.4121642616894414,0.2729512060675452,0.20567121157978274,-0.4473067094888856,0.3119132126364539,0.08040647755001284,-0.47730926623012326,0.3466206396612952,-0.04869652738239072,-0.5007480179276635,0.1236364151034186,0.0964694822821448,-0.4501359557118585,0.25716449866626956,0.22550853143070437,-0.5145543908085992,0.26170076976154544,0.29884549031589724,-0.5454990511145761,0.21785553346012332,0.27806951651905276,-0.5683324878420999,0.04364045510624148,0.17828919539783694,-0.45465723623897336,0.21942391047809817,0.338344057897074,-0.5109526162352731,0.21589138160083987,0.39199461589191653,-0.5212226753440072,0.16128989110325076,0.354624530175669,-0.5338175391163995,-0.004970589777486545,0.29343970666263797,-0.46567575087215207,0.16241081605289676,0.44083001265857913,-0.5181473587956598,0.1663058007750342,0.47618671307895877,-0.5053632353749444,0.11846541414592959,0.43524768004749514,-0.4997436498608758,-0.035063902040975314,0.41811611304615237,-0.4843067025151422,0.10296975622509219,0.5358007157835791,-0.5298146401848962,0.117414703467829,0.5478332246336768,-0.5332146977391412,0.07891853700016238,0.51671507010792,-0.53400052537586
0.12103739429108279,0.5011667912065185,-0.34919430328113416,0.24339899469010012,0.3935462539254822,-0.4154008920133911,0.3128359620629944,0.2405367200433411,-0.45510745745309217,0.3545511071740784,0.1225009863435425,-0.4889932568014465,0.395279437786261,0.006709516531149318,-0.5158804352224671,0.1418862347661652,0.0914377276956238,-0.43984503250726087,0.23496499705902713,0.2011256520806946,-0.5031216288746201,0.2592739765702881,0.2836478059350647,-0.5348274106920563,0.2339383666574158,0.2811429803430237,-0.5549153978765808,0.044565707927862575,0.15353146243683474,-0.43925309132941587,0.1769971554338135,0.30560997176758425,-0.49296161484130246,0.20846507001511233,0.378361553436438,-0.5044058109463059,0.1801685993730225,0.36229130673996585,-0.5141909117639862,-0.020494192355950902,0.25409093547455447,-0.4458373556674324,0.10953608203522341,0.40355488706223147,-0.4942456330002151,0.13967475343338626,0.45185795474640505,-0.48344622504123075,0.11071592617622988,0.4231325094758667,-0.47643299352534635,-0.06722029995330198,0.3652666513978638,-0.4605191866696678,0.03895083118073123,0.4853163068353333,-0.4956354345024429,0.07616722632042544,0.5072042052804626,-0.49334500681765897,0.05960458565346377,0.4802684490739502,-0.48903946530230863
0.13068139449584099,0.5109130133770665,-0.34455940416765113,0.25407832757460685,0.4087143530033788,-0.42146793111336617,0.3229612101696691,0.26549649135100456,-0.47048914536011605,0.3666372288845739,0.1515236784599981,-0.5117611597396174,0.4126528491162023,0.032731621422644575,-0.5454036305762568,0.1513567556523046,0.09206336633193107,-0.44421933694851784,0.22631484166609855,0.21082568065154167,-0.5103470991469661,0.25394707814681144,0.29062604800688835,-0.5444360832787791,0.2378152598522863,0.29039591447341057,-0.5657680193997661,0.050924866356726606,0.14971434966551872,-0.4394169758178034,0.16124272243010612,0.30935877458083244,-0.49349312587750344,0.20029151336180778,0.37497204438674064,-0.5032903264380733,0.18364494935500236,0.3562349070690832,-0.5121279071189204,-0.019454986891869586,0.24863946334349724,-0.4430646087147036,0.09057575360762687,0.39866548673140617,-0.48952213033211617,0.1272824992321691,0.4398266066693029,-0.4758923213101664,0.11036595598685356,0.4073023785732946,-0.4679011340357104,-0.07079914315712837,0.35890108243453117,-0.45618391885531334,0.020265339770194013,0.4815253008984289,-0.488459766945962,0.0660473097943029,0.5007863034390172,-0.4840165088988581,0.0636974562786779,0.4708394993923864,-0.47876501186859993
0.11263251393262497,0.5311495968622362,-0.33774245810394543,0.24896350591603866,0.45544138639394394,-0.4195536887722815,0.33582112281743637,0.3126296707910692,-0.4670797726589049,0.3861972996515428,0.199638516597191,-0.5063507995086516,0.43952885358754745,0.08574509709302536,-0.537833823867401,0.17740967958394638,0.09973043291989914,-0.4354443615752066,0.22840264528218857,0.2271229931635057,-0.5092937639432753,0.24255129783574692,0.311763019256035,-0.550469412513336,0.2231632181924974,0.31048289030019394,-0.5750343790727461,0.07095375745717636,0.13386237709943405,-0.4293459943013991,0.144845933608452,0.3017537304681932,-0.4905175259786452,0.17736545293752304,0.37722435682241073,-0.5048732599693144,0.1657228180689012,0.3593803355020677,-0.5153109124379958,-0.00975063354547867,0.2146231242937242,-0.4333400940972174,0.06515392749730697,0.3749002525133287,-0.4872343829351271,0.10238835304204574,0.4335819193643724,-0.4762665322500075,0.09766391008321396,0.406390340022484,-0.46833111257131943,-0.07235854775484452,0.31040224521581283,-0.4473942434864844,-0.009710638828834384,0.4380883285326158,-0.48377802879389176,0.037573249034324796,0.4776030489725267,-0.48008592338140854,0.0488313147348558,0.454799444369713,-0.4743816694694365
0.11096025165077228,0.5347204273557283,-0.3331731203365619,0.24690640624519367,0.46879685576911945,-0.41711974982265454,0.342154330573044,0.32384390290733356,-0.4639650965118788,0.3934040730809786,0.2096850341176607,-0.5018537426376722,0.4536116188382723,0.10106850322242755,-0.5311452085161589,0.18716055806633014,0.09602440055366535,-0.42817528639081937,0.22465146239753742,0.22444087918754596,-0.5049429470682524,0.23752475436683673,0.31164003070350665,-0.546965622344055,0.22332722600456256,0.30807597096916217,-0.5708524370575331,0.08077294286247272,0.12459630425926227,-0.4206821927810095,0.13731617387290973,0.2953941291188814,-0.48495865706447583,0.1680123275136568,0.36788196023460407,-0.4995362395429991,0.15983153041358966,0.34043753798957843,-0.5084880227232359,-0.002045267262496764,0.19871646817680377,-0.4242004165435217,0.05503950174804706,0.3616432612752535,-0.48126279655937176,0.09406638797279376,0.4226388996457674,-0.4698464954281233,0.09604818280693073,0.39033473189826984,-0.46012673620227795,-0.06879448238853436,0.2864680355405428,-0.4378498131418608,-0.01687388960365277,0.4204632109021761,-0.4744972372436903,0.028818107209167665,0.46754396613594074,-0.4698522770786665,0.04272977169509906,0.4430672591542818,-0.4626096421862028
0.10451381550036593,0.5255235944768064,-0.3178332700309053,0.2406932626744382,0.4715487276097409,-0.4016035060504802,0.34685461864672823,0.33403234825335665,-0.4478326971749194,0.4052845154782407,0.21870129451953096,-0.48557999088562803,0.47172116384707613,0.11394920096598787,-0.5123274411181338,0.20469855413638277,0.07469733700953646,-0.39510596647061186,0.22524910316668673,0.1746575747510068,-0.4691804881314166,0.2300670658131711,0.280779353239166,-0.5073111142138369,0.21925156460009737,0.2838114415188901,-0.5278048600176699,0.0980484996815793,0.08304303035937471,-0.38609119608200865,0.13218762622080965,0.2448906217595212,-0.4503942067841418,0.16061719403468294,0.3423114930173032,-0.46351596071518736,0.15840303049288912,0.31357442484103365,-0.4681591774443515,0.009332767583953572,0.14059203014575167,-0.38959131493367033,0.04732253298960848,0.30768989668093844,-0.4496536041716464,0.0873407040616147,0.3896759067555539,-0.43913827940024214,0.09550001368724031,0.3574666296025388,-0.427141861162556,-0.06319252505101042,0.21451001510821505,-0.40274309470452146,-0.028993227622879314,0.35592245207034273,-0.43995791032112913,0.011622241594421101,0.42596893654071016,-0.4352726276139148,0.02337216482363863,0.4089026962300412,-0.4259051243881114
0.09653657971648949,0.49424612818984764,-0.3014490582284521,0.2365838914993264,0.4729994565132119,-0.3886643394944213,0.35663342772750634,0.35900938807754296,-0.4362821847316764,0.4300808936241128,0.26013678609161156,-0.4744158953544639,0.5146675139549233,0.18104461132316368,-0.5021932989475273,0.2464081078651406,0.07825666962890404,-0.38572126330108863,0.24392903147964257,0.19368139206199425,-0.4585490793106101,0.23318273125915306,0.29747462569503563,-0.49458594323368293,0.225399437535093,0.2829911738517739,-0.5153940439340614,0.13891598879127282,0.062405171978757557,-0.3761729642865203,0.14571744500427025,0.2208281189086892,-0.4436171174165748,0.15922853647498864,0.32403552829055565,-0.45789500774116737,0.16111505328445214,0.28626305161742943,-0.4631596922990821,0.04383623896865624,0.09821990429191368,-0.37845684291095955,0.049531283963010486,0.24919337331084984,-0.44415200949878914,0.07927415071754235,0.34109825192718285,-0.4364656031248115,0.09247756301193016,0.303754511463926,-0.4259108424303077,-0.03709226549835426,0.15150127111701744,-0.38986333162756187,-0.030527469527437512,0.27965885697631615,-0.4309938967344306,0.002121749508664783,0.3607877522590615,-0.4272988706943534,0.018987718212888416,0.34545308648376244,-0.41880543233127815
0.07766120667349785,0.48872136111151665,-0.2961980643438542,0.2169239425171563,0.4904951953400323,-0.38882004683125526,0.34283786053549736,0.402023484658117,-0.44295146529782325,0.4258679055679986,0.31511800522696465,-0.4876915610324195,0.5181853079308221,0.24706070656668633,-0.5212831444035819,0.2625155353058526,0.09683697457205742,-0.38682217364419014,0.2419624232758233,0.19556560153853386,-0.4621963000785163,0.22698520655524224,0.29609178538214653,-0.49627687995541603,0.22776507372748345,0.28112648959052056,-0.5151813573132804,0.15600662464987725,0.0674316489208886,-0.37677630250561744,0.14172335500609368,0.21188651556860894,-0.4474120533953956,0.14986818070303887,0.32500903839957207,-0.4580345547686866,0.16036607856642693,0.28477798933875054,-0.45960679118741066,0.057336082409734423,0.09027775163542717,-0.3794176078330329,0.04926328892600029,0.22717695469748467,-0.4470029569159797,0.07342924709212273,0.3305837416161248,-0.43417012159932167,0.09285359616171807,0.29596172804724663,-0.4195557928572944,-0.02668316130745918,0.1328545712937066,-0.39186720763552696,-0.028736839343195264,0.25559036965262383,-0.4323426133881858,-0.001504699040537183,0.34193645949255913,-0.42650755708325416,0.0171883308399865,0.32827757830512017,-0.4165039456378272
0.07292699012021508,0.47540622147778955,-0.2846848314736058,0.20736490878324,0.4833885947153994,-0.3762390321209005,0.3395306387827822,0.40583192500333276,-0.4302018812014631,0.43353711756925073,0.33103697690228906,-0.47383188513060126,0.5320647874758669,0.2831773081705996,-0.5053655883385709,0.2804658928797671,0.08798479232053247,-0.3773909291340879,0.25114487799863305,0.17433141860227075,-0.44930375424166236,0.23246841820935693,0.2784337321207949,-0.48070298937101874,0.24007766637067285,0.26317506226758447,-0.4991248330189756,0.17789380940656152,0.04334931763867822,-0.36781505552073035,0.15144669207791772,0.17549245747785058,-0.43615702596445594,0.155654064743323,0.2966827670023867,-0.4442496230914167,0.17401041778783288,0.2582333007739016,-0.4441687693907789,0.07809906396131006,0.05483787450055566,-0.3704028805806211,0.05843874010304895,0.18696176203946557,-0.43527390864630255,0.0782173791811892,0.2965035358355471,-0.4204003891064695,0.10289534124593225,0.26190739068250146,-0.4049357405020765,-0.007905252845483157,0.0872416416094729,-0.38287358787794623,-0.0199930152012876,0.2111948648379275,-0.42176189330359015,0.005481711952490476,0.3043129363940188,-0.4148224374367765,0.028479687301916745,0.2922184983179995,-0.4042952811433843
0.06528251170030286,0.4531022190939491,-0.2782154806701844,0.19708745478501966,0.4684622168432777,-0.3651092022765572,0.3326236486326759,0.40569840668550183,-0.41688814462313006,0.43356286286225965,0.34974216221681287,-0.45907899440416644,0.5343981861959999,0.31615685223451306,-0.48952242435106585,0.2897469282042091,0.08962633012643506,-0.3688427403677399,0.25022535323014905,0.16888971923700025,-0.43884795607218097,0.22855715750566175,0.2702307581793373,-0.46794940234312365,0.23930917977204968,0.2606840014349525,-0.4838600874055321,0.1918303251158302,0.03617374895921399,-0.36019379348644565,0.15094922779908826,0.16384996770730664,-0.425970000039428,0.15100448130479505,0.28131263254991223,-0.43208062351831744,0.17360271810403516,0.24481378792634656,-0.43057314754614184,0.09372882841935803,0.03778030275216748,-0.3631015017736847,0.059932160366684695,0.16399048565736463,-0.4264567166675026,0.07689057587495496,0.27373479603639295,-0.41175104380735705,0.10631357430329968,0.24357293843141248,-0.3961317435015137,0.0073526382338111596,0.06058822869172742,-0.3753282398093636,-0.015796732913344602,0.17688702343812635,-0.41253210307249377,0.0036904394518439965,0.2720416664969032,-0.4043087184537346,0.027113604534775515,0.264620113361985,-0.39262141735443423
0.07458835423221855,0.41172259629001884,-0.2748070679535606,0.20007538378467826,0.4429305154108074,-0.3607443687296841,0.3361388999246624,0.39940511763325004,-0.41450670778522225,0.44418435871830253,0.3731539803766277,-0.45922364711532326,0.5480968910478619,0.3771455842279461,-0.49243264317283364,0.327867682578471,0.08439927876224784,-0.36726528078088494,0.286615605952647,0.15427773773899345,-0.4387516421056721,0.250985677840617,0.25258743345966606,-0.46991651177177163,0.2636843282007244,0.2401344734453228,-0.48843139827022286,0.23416041910877494,0.01679718077411918,-0.3607774493075344,0.1892599421762493,0.13105094015827445,-0.4301170003391239,0.1747800666116741,0.24699663698902397,-0.43759887337455483,0.2006875830911663,0.21174910247555045,-0.4365041446662876,0.13582968294849662,0.0030981856607463776,-0.3656327319122288,0.098764922025111,0.11868115842571525,-0.4297605198598835,0.10326402962436942,0.23237955153217582,-0.41361222088107796,0.13511484444370536,0.2078894931100872,-0.3966165599204037,0.04892757117977409,0.012685980203059,-0.38006322502860757,0.022267099025156778,0.12097268879642753,-0.4159755450464222,0.031603838803675455,0.21821882903805045,-0.40597699999580117,0.05441653311481742,0.21436959088077812,-0.3932452318049404
0.08597375757658493,0.39011262662374985,-0.26700568491388016,0.21290086514914047,0.43139462478125107,-0.3640020459178685,0.3498644710298778,0.39816461808645737,-0.4237811385873555,0.4554753185030223,0.37685852057898056,-0.47217023067510117,0.5582351566072703,0.38434575803244125,-0.5073560892823934,0.3514547229524852,0.08472852714025986,-0.37604641609227646,0.31211214072668564,0.15278013355696213,-0.4530116140130757,0.2737104178186656,0.2478284121271373,-0.4832913845065831,0.2844037891145946,0.22841422564947617,-0.501338791776061,0.2569831491228343,0.008873868059754486,-0.36635833673512924,0.2129529000040294,0.1209222853895427,-0.44521456651723373,0.19438664920294296,0.23859601027929794,-0.45201320641076553,0.21987368471586716,0.19604941017591965,-0.4488489001277684,0.15811847455465805,-0.010150086808562164,-0.3690614818814992,0.11896895177328598,0.10896270282232773,-0.44123656742608536,0.12060852653944504,0.22175459868872177,-0.4230211644653081,0.15157525546515,0.19019027359449875,-0.40358687632119644,0.07210837609732162,-0.0051968216184376526,-0.3823026313666104,0.04213421351873886,0.10992114551031601,-0.4249572127345799,0.050740230154633637,0.20468305356466782,-0.4177365123513936,0.07449214465582382,0.19260292060339462,-0.40656915001904953
0.09566842741457643,0.32861655182329835,-0.2646977385347818,0.20996134705034913,0.3921010417410535,-0.35626252018721877,0.35444801277605714,0.3811929149099988,-0.41268888884099303,0.4648476166197461,0.37810640758959474,-0.4584605025580722,0.5667611879774732,0.42375945276705446,-0.49161670380147277,0.3962918443152112,0.09368406958071412,-0.3626994418433505,0.34300725883928956,0.11322953528849306,-0.4384382592967349,0.2905961198279065,0.20074521727053346,-0.46769826882394133,0.3117172641226453,0.19421910471407594,-0.4849921690753299,0.3158302826353711,-0.005391128592808825,-0.35431261383803664,0.2518799228140515,0.06683521694628419,-0.43199511640580474,0.21307604736773195,0.18867935962168397,-0.436290197305997,0.24951385683504762,0.1586052102514905,-0.4292597847512561,0.22196095413653077,-0.050198175244649035,-0.3584706636598903,0.1585383636423749,0.03954660124270143,-0.43010883801492034,0.14312290377108278,0.15743764466730775,-0.4099726008704501,0.18511226005045595,0.13581358618227662,-0.3879530506661731,0.1373596412607831,-0.06947091990025817,-0.3726850526860553,0.08129780716387452,0.026061139769236463,-0.4136516975692111,0.07190384692637147,0.12464462942568483,-0.4043279218009311,0.09927653498140993,0.11727588600603761,-0.3910828160575229
0.10967997029596716,0.3208920688944474,-0.2603814307927806,0.225018415005745,0.38384625628763586,-0.3607387287897453,0.3635244102793351,0.3827216358500138,-0.42484721228307337,0.46982232049280553,0.3806435199099198,-0.4753142265958175,0.5703606934862748,0.42534658625894933,-0.5119017331284865,0.415713998826088,0.08804545119577795,-0.38268457040017695,0.3614232869463578,0.11271220758730321,-0.45755050763314814,0.31080022767359167,0.19885763839060216,-0.47994699761098475,0.33187309220606237,0.19041988566690832,-0.4929231075925216,0.33453324750238805,-0.012160789815841622,-0.37133835688060374,0.2744263143854752,0.05438027098947912,-0.4513759283704147,0.23536596015268713,0.17677486255937963,-0.45128129109567255,0.27175620511347204,0.14579385832125097,-0.4415952979010925,0.24126330331140905,-0.056732845155654854,-0.3717499716562614,0.18224197939211279,0.0293684931116715,-0.4451546339673385,0.16663286402994543,0.14757353380495458,-0.42162406131452174,0.2078178854303971,0.12771585896784216,-0.3979235707206115,0.1570731730776444,-0.07414483710950465,-0.3825209481996879,0.10512674167925268,0.019021007569374138,-0.42594349071210474,0.09906477049166112,0.11651850059801488,-0.4174388466758117,0.12799588158899694,0.11035541013056188,-0.4052284030598983
0.10865350416208608,0.29275693347956044,-0.27207931882271075,0.22800244739557607,0.3753993099024425,-0.3798741141865124,0.3723839705279003,0.3961045329859386,-0.4520550037333836,0.4769023244669567,0.4008900707056652,-0.5098546112487187,0.5740251725008617,0.46213694265390737,-0.5527419860074391,0.44282712390924794,0.10649244835878713,-0.4047284389445652,0.4045348947336803,0.1287698929598461,-0.48570343503450053,0.3394124095728527,0.2043657784750591,-0.5089241529414524,0.35192247083689077,0.19354881694818837,-0.522136461229073,0.3665226881792675,-0.005818646640526226,-0.3918716127583851,0.31831421306635244,0.056098270921958515,-0.47807524749730723,0.2600194399645458,0.1761377637674938,-0.4757205958077778,0.29818322113062246,0.14268084219004018,-0.4624520058343281,0.27630605152155263,-0.06141945371125834,-0.3918925190875401,0.22539352229143483,0.019208479433311054,-0.4692280704686512,0.19503505876566274,0.13644354393984182,-0.4410242999503483,0.2335342948725353,0.11586688807512624,-0.4133904243419041,0.1953281944086681,-0.08807138750051158,-0.4032593632647862,0.14505567005182607,-0.0005876834103931694,-0.449653294176804,0.13069092085863454,0.09430902054811818,-0.4404669518182148,0.15794207504297597,0.08623980334307058,-0.42740992853139537
0.11021168132634651,0.2705263604721595,-0.28652875076457596,0.2259346355995704,0.36216862102361214,-0.39013740072636116,0.3678771962723304,0.39661760230870735,-0.4586657474437188,0.4778506865105201,0.42018682857366096,-0.5133026878037881,0.5684604158005286,0.4874732007584144,-0.5526291022696923,0.4593728293976356,0.12213976283879768,-0.41551502446321953,0.4209358205399085,0.13254771729321968,-0.4934788237014245,0.3530541767677833,0.20487863918157112,-0.5137318561473321,0.36416942973943245,0.19515032668920052,-0.5242456982531976,0.38846088548512947,0.0002647747597266381,-0.4039274344840478,0.34334505697103035,0.05025110741467964,-0.48621113995699394,0.2757555355629493,0.16693116327138435,-0.48239058653501976,0.3134508242210914,0.13289479513974678,-0.4684609214463662,0.30033631225438606,-0.06656213502077568,-0.4044694344201516,0.2523047437271644,-0.0007833133140038306,-0.48055370549349297,0.2128503431877662,0.11614413162084114,-0.45139782528070915,0.2496639599403907,0.09722245832295906,-0.422546480099244,0.2189782967171241,-0.10218029121546257,-0.4155552724996041,0.1751409878334571,-0.028437841931862717,-0.46105686227468956,0.15517200132222664,0.06904889245839607,-0.4482973257699441,0.17814419766278755,0.067042182882743,-0.4318929205336999
0.1796480486536442,0.5118792722368657,-0.41059473901343574,0.06267694331650125,0.3685216376924931,-0.39495345257278097,0.007273740544360752,0.21768683887962686,-0.39736220665331495,-0.025341563448864346,0.07872975565437662,-0.3990922445064367,-0.0759136607503475,0.01039171911720621,-0.3986398312827529,0.15904737211708414,0.05874026514534342,-0.4231587150698484,0.15537071920875895,0.01791132189277994,-0.38337646476979864,0.14084339834694254,0.09446639515404093,-0.3507080344116272,0.13518673874382364,0.1504679391527592,-0.3351793368911327,0.25901830889229166,0.08712354995254862,-0.4251793302228631,0.23429495789055216,0.06584254600052225,-0.37318748287912024,0.2085956404352604,0.13001102901939737,-0.3496067044889511,0.20294154383186686,0.18608153559212076,-0.3497726251935543,0.3330237934732853,0.15696180559639322,-0.4174969522846819,0.2944396803522526,0.14209926821236002,-0.3680490335082592,0.2704972098017155,0.19799197412971842,-0.3476884444808544,0.26077283121590006,0.2523753116274296,-0.3528928463911594,0.3875451753282963,0.2306557366991459,-0.4075655930774243,0.3615746567392765,0.2055172393465458,-0.368077863529879,0.3356335828447758,0.25260139204506266,-0.34149232558961523,0.3245055744791447,0.29765672184471476,-0.33127372019048346
0.14786263640203723,0.5201558702734972,-0.40734063114959573,0.046567224815275754,0.3602243297843004,-0.3835218447150921,0.003934525802519406,0.20195379193105945,-0.3847350600065922,-0.022988951847169314,0.05834057266989001,-0.385566708713982,-0.07346484725198499,-0.01191333596429578,-0.3836745425017809,0.1517185800818468,0.06174942190923938,-0.42359413121661893,0.1640009516028429,0.006976419046309079,-0.3789545326384043,0.14647533829489,0.0814290874747301,-0.3381094253512358,0.13307698900976428,0.13812115128317126,-0.3170074215980505,0.25041159327306994,0.09511902268209704,-0.42740833301863423,0.2376713388709093,0.05896102721967944,-0.3702642946394419,0.2095259063986803,0.12217208082952746,-0.3397035292240118,0.19615211422720202,0.17916657860555896,-0.33550150607547513,0.32396664555349597,0.16828944618978747,-0.4197572135256862,0.29321923191824206,0.14343562062063464,-0.3619624554069971,0.2675518625525499,0.19718404944219836,-0.3373856386991476,0.2507177823332811,0.2524683111456896,-0.3421834922286009,0.37891527350225696,0.24467357332983264,-0.40907644139437727,0.3530786269454027,0.22033157284536609,-0.3623541287036871,0.3245135181693102,0.2654994958189989,-0.3340003407450651,0.3086309664992357,0.3102919691351915,-0.3240656918736433
0.0828361381104677,0.5497312713673799,-0.4144729076434552,0.009806888203927777,0.3721800018361299,-0.40152032857029746,-0.010306848187139728,0.19749392757923295,-0.4051075251513631,-0.012589974302938678,0.05040492306263139,-0.4071384491139562,-0.046309335131338336,-0.03648368825404952,-0.4045933279880793,0.13220276127369096,0.09882904778034379,-0.4405457339921505,0.17683573256046464,0.05682112465412309,-0.4126400946147279,0.15470130930454423,0.11410160551578691,-0.381867838997534,0.1257435847333162,0.15929855595142534,-0.36524391730516265,0.2196507621815889,0.16398920307666948,-0.44674254019944976,0.23850472460300615,0.12790121326954057,-0.4060997795054228,0.2094339300206392,0.1759365368893831,-0.3808537330219061,0.18373461256534745,0.22636844406635453,-0.3764178026208193,0.28488077412159135,0.2553563285878389,-0.4444960299619944,0.2836669255307405,0.22195579300434282,-0.4053837395945103,0.256591336827585,0.26316078196079423,-0.3824047911652834,0.2303576041272371,0.31004370937854936,-0.38284233768670867,0.33402420769245317,0.348716216187784,-0.4402124564835341,0.3313402701428621,0.3143047262242525,-0.4099574107417376,0.29894991407901933,0.34927167187244584,-0.3845411985853226,0.27547921429187944,0.3868832160046785,-0.3727171998211653
0.03017682281190337,0.5576022907798904,-0.3980658966133671,-0.015287692874131786,0.3628963872497696,-0.39904459494298516,-0.012827391951737988,0.1844074770515579,-0.4092160204718095,0.002368752629103077,0.03745159950906218,-0.4148292739236933,-0.019607897132096874,-0.05639969858473359,-0.41411544310992776,0.10400563922578276,0.14146191325837554,-0.44232487979477464,0.18145174232179107,0.08954233375245513,-0.42827112714892446,0.1573166295593399,0.13993722644502105,-0.4032151989931446,0.11923492398911895,0.17641610351258696,-0.3887527624437791,0.18291968551331939,0.22813398090058745,-0.4464191526467186,0.2329345389907974,0.16112351861649932,-0.4221378110641819,0.20696473565751494,0.20126611438447417,-0.4000572066115421,0.17619747367555083,0.24375492778474273,-0.39490564049354016,0.24411505904847564,0.3237130090301651,-0.4440739259416443,0.2761685892646927,0.25224143710786284,-0.4201093942219597,0.25134724822694243,0.283829216629805,-0.39446773587858497,0.22004902806931914,0.32607728686982573,-0.38933964188343106,0.2901088043754715,0.41730469909364165,-0.4403740197712761,0.3031117364471573,0.3427559181755203,-0.4223164815748316,0.27514559474641265,0.3701227351730484,-0.3960707271298599,0.25285417285615386,0.40693527904206694,-0.3812150165731293
-0.012107976484363292,0.5623969354152034,-0.3822743805808007,-0.03890100936896107,0.3709007420062373,-0.3908344234854629,-0.018178322124545787,0.17855166573518017,-0.4006145920187881,0.013886294555599477,0.035922191333706166,-0.4068583238453319,0.010069391918117787,-0.06159506063467762,-0.40641623433238766,0.06075092334740856,0.15536253828995922,-0.4242804914296319,0.17879175324433544,0.11530279297822216,-0.4356699332178285,0.15892796893113353,0.16233574528687694,-0.4322851530790975,0.1127026297568629,0.19065432925217846,-0.42822833802110455,0.12521307845109203,0.2571664967059443,-0.43042247812754414,0.22310250182145336,0.19585125823014476,-0.4285597845495393,0.19885586876862743,0.23397623677247265,-0.41772715445167324,0.15626507182114818,0.2651722945689509,-0.4146936840892484,0.1817554153918574,0.3634743608950923,-0.4342520057738473,0.25711028952592113,0.2996710457324336,-0.431796141672199,0.2295684732913325,0.3306829251765559,-0.4098643276423862,0.18835090775483349,0.3629881658076594,-0.3995592023760726,0.22701489109986522,0.46461450238221386,-0.43761467631465695,0.2717791714190791,0.40039729256623485,-0.4308751940310647,0.24272089381211498,0.42309879441254833,-0.40601380798525116,0.2117111005305598,0.45144712109559276,-0.3889213644482841
-0.027942200028489683,0.5813199683789505,-0.37767515689122755,-0.03766920121867523,0.41272209135334625,-0.3898977468024598,0.015050153410841371,0.21424762455265656,-0.4098349556561218,0.06378148046772614,0.07161964026730194,-0.4281748317416416,0.07330034223835602,-0.04286535533625946,-0.4394029163058506,0.02691037503521576,0.1954266831044449,-0.44792423846680984,0.19636307207386627,0.15499768701832428,-0.4895757034655319,0.17693064657490387,0.20432982889454498,-0.5013299629326569,0.1212943598393692,0.23753200022022858,-0.5021098301048981,0.06621290293972626,0.31325767484944,-0.4632853463526474,0.23578027931492462,0.24440030304234162,-0.4911370247836815,0.20320872513096466,0.2899197146062149,-0.4821825295921074,0.14399723259251251,0.3245143100384964,-0.475725305103849,0.11014247981350556,0.43108133522312775,-0.4781479433413254,0.26030979601185456,0.35524080244343414,-0.49592378439862594,0.22280029503147736,0.3954897328976883,-0.46570096614320144,0.16661653963368073,0.4223792955044998,-0.44644341322142944,0.15274582353871002,0.5398101612691177,-0.4935456335778938,0.2722765013341202,0.4627117320660843,-0.4957863435383545,0.23646901098530426,0.4941623016957535,-0.46617498698193893,0.18392459598820343,0.5212030216817154,-0.44602514507729873
-0.012376985034959487,0.5904279439830611,-0.3791871180780197,-0.010802736959474257,0.4196693389797042,-0.3951917667752673,0.048053362884504625,0.22841102770803673,-0.4208615482664277,0.09806088499067528,0.0946159749412368,-0.44293121107579964,0.11226136378286583,-0.01474942871095436,-0.4571381346202065,0.020048269548399278,0.21478600195883019,-0.4774236217951943,0.2078085630321334,0.1773259132289718,-0.5207138121938875,0.18930924824712975,0.22805280379293663,-0.5251395762777498,0.1338967173480819,0.25025404385565025,-0.5224036336755922,0.04767222098348839,0.333678552427275,-0.49268892266513603,0.2374041169071029,0.26367474488256676,-0.5248138070917299,0.20611346653936607,0.3105753152751754,-0.5071140141105821,0.15015257290838463,0.3421403854274581,-0.49683461942435997,0.0852165608787368,0.45152891568182213,-0.5065218121624162,0.25332761696813805,0.37482167176244957,-0.5267260135030916,0.2159792869472335,0.41926355055807335,-0.4896164000845124,0.15999025992391808,0.4471339075946639,-0.4681310192561318,0.12809480122564537,0.5590448468112776,-0.5213798046922853,0.26208932093618614,0.4873553603076766,-0.5256625325298478,0.2271264284038375,0.5201119273090193,-0.49596515902044075,0.1706163971805404,0.5460717170619795,-0.47779172518016594
-0.011026780013232096,0.5949476557930423,-0.3682422257738339,0.026991744633526937,0.4192674952705814,-0.39238625102141367,0.08645369588932528,0.2422664958198978,-0.42468268692889677,0.13305439531406893,0.11137034475407137,-0.45410099149146543,0.16757871687016024,-0.010161171559481486,-0.47605233908095823,0.007426549788327352,0.2100042897423221,-0.48343003064790235,0.19446911394199862,0.19200607120594515,-0.5314010781089352,0.1913408833702518,0.25629349529346956,-0.5354053479472684,0.1409607130249454,0.28341569482883944,-0.5350303602258252,0.01168351351818575,0.3312195736130191,-0.5000677955190228,0.21904220163425936,0.30347200214466585,-0.5365344834367322,0.20105089723667635,0.35570134698948397,-0.520287285451083,0.15000416814884676,0.3752942877968265,-0.5166043293515729,0.033553202744336263,0.4563039737900211,-0.5165732157270001,0.22842951595386995,0.4233752089699222,-0.5491099011937665,0.20214172184071078,0.46763308822712435,-0.5204862606565045,0.14923395692905916,0.4820411401947452,-0.5071274590531872,0.0630967813690616,0.5710882145126773,-0.5349921238462018,0.2306937771995975,0.5390934544762088,-0.5555093389789151,0.20720233499607577,0.5648015934189273,-0.5396474105159329,0.1481468874176456,0.5789037543495609,-0.5321950864831494
0.009989068054549077,0.5892574341529531,-0.3689558352185452,0.07467739298283277,0.4293397219413441,-0.3998364748871404,0.13638277366100965,0.2590286882156056,-0.433230101919778,0.19003148391186414,0.13868047311245618,-0.46351945385993304,0.22361339642941175,0.01806570603787122,-0.4857092423802692,0.01878573014675794,0.19585450007855115,-0.49063184098065676,0.20333500220715223,0.19910784079968152,-0.5463140009409266,0.2086933405631703,0.28530736281811414,-0.5560813395744639,0.15839363648831067,0.3109223993056935,-0.5605735479360896,-0.007045373178132197,0.3114249260657948,-0.5076183675295192,0.21835739924847303,0.32862634971081434,-0.5584250538116771,0.1937007458442372,0.392852679037444,-0.5498756466871577,0.1358001382583302,0.4032591135734242,-0.5505335627561885,-0.0064974872833568065,0.44300331189572034,-0.5248451678520518,0.20865590884625135,0.45651169135510145,-0.5690741090542155,0.18217320754467664,0.5055787117713613,-0.5412842778927165,0.12913940861164747,0.5073799045318288,-0.5270928888088542,0.006200358414046148,0.5706947596305532,-0.54515112922252,0.18846763684689222,0.5692123325103444,-0.5757413058048564,0.16955323531567273,0.5964554102653188,-0.5614152996307689,0.1111218483680409,0.6051440389388723,-0.5533275602823573
0.02669695308858472,0.5804347722833785,-0.3675498966909215,0.11111820033246594,0.4379192321603926,-0.40117940017527026,0.17077157190496045,0.2694088547533186,-0.4306781412059633,0.22491225889379102,0.14837214639836865,-0.456404705434498,0.26915929010564404,0.04281175425702649,-0.4745590881401865,0.014867457658592043,0.18374374797994214,-0.46665028938597125,0.20171246221715528,0.22017267635518628,-0.5204156906301347,0.1966690151994856,0.30785385063344556,-0.5366875947410432,0.14091262510472852,0.31840881994420606,-0.5488954455549089,-0.03213634797876758,0.2887075870340498,-0.47987743923014087,0.19050702741796094,0.3313312261408003,-0.5350277394944993,0.16313460758382398,0.40269449642354566,-0.5368919641668168,0.10850343397313672,0.4074946372812422,-0.5434079737359849,-0.04660141178911609,0.41287645986730176,-0.49485948392694873,0.16609141519719678,0.4565279214685591,-0.5386701197320787,0.13785037687474805,0.5111734597986373,-0.5201561124021379,0.08715525558644849,0.5102832644289168,-0.5117350787813035,-0.04308524438684863,0.5357423751657637,-0.5141008616382448,0.1264264910524519,0.5689381091898116,-0.5457169682676164,0.11188474586659986,0.5948623745744857,-0.5437058777505723,0.06363302758390027,0.5910341470544966,-0.5438052535945741
0.10658118821702789,0.6182375917585928,-0.38107051820941973,0.1972442636641104,0.47216734983049224,-0.4227699791637819,0.23671428062043975,0.31125811435304473,-0.454482362195627,0.26456961728654693,0.19543347455583404,-0.48664221964754273,0.309375501647814,0.09727833367906402,-0.5133078476039331,0.05355162121377777,0.17682639457307647,-0.43758496321715523,0.16237137414537262,0.22622577048860382,-0.49498411320127655,0.18827906943879913,0.3114025364073355,-0.5298144152013223,0.1620173225554068,0.32923415996156524,-0.5545625617352884,-0.021562301143781437,0.24754361011110138,-0.44845034979261567,0.12614784337602447,0.32756540872178863,-0.49796535126842667,0.15399662353120636,0.40655336476884674,-0.5155787845698755,0.11694303847871612,0.41175267793260406,-0.530460946783201,-0.06517820857443024,0.3516070017965872,-0.465048246606962,0.07597283221803497,0.4267127881201346,-0.5100396355239313,0.10632470943055938,0.48862288095079254,-0.5082591255752008,0.06982738472543548,0.48747501470170806,-0.5086048474160593,-0.08795299433149506,0.46889541246019195,-0.4873661851135652,0.03182233072839569,0.5342030892523367,-0.5196702113000314,0.06580624677263092,0.5655672917517264,-0.5211061765996378,0.04122961260400604,0.5594632396849234,-0.5203380217400949
0.10413904395493911,0.6334032258072798,-0.37831677716144985,0.20518927183541702,0.49167953339013504,-0.43186842742767884,0.25216810312661575,0.32696936932000564,-0.46907004806604935,0.2834518989602034,0.20479707327279495,-0.5046080658158357,0.330325945285887,0.10110835638436722,-0.5321951964816148,0.06383041944894241,0.1752689918557112,-0.4361711973270471,0.16158579197320388,0.21970085707101272,-0.49974821600523545,0.192760928539366,0.31233547535333084,-0.535698966117769,0.17026601639184402,0.33398888912591385,-0.5595727870186861,-0.013342217536836398,0.23762915935906814,-0.4431338543018396,0.119017853406996,0.3140860041657393,-0.5029485607465799,0.15412513819131302,0.4082639059105818,-0.5221541235169466,0.11855222192201065,0.41394732799920486,-0.5341168651303346,-0.061052099796205295,0.33754365053567337,-0.4580528745373781,0.06874315348061966,0.413952334789366,-0.512310431333452,0.10475085583123611,0.48744921293649124,-0.5094286063632066,0.06935526338014053,0.48242203798684524,-0.5057960906943376,-0.08744676503744675,0.449871524242491,-0.4795519569834764,0.027651770977110135,0.5268998583832686,-0.5166022786816652,0.06354404893311905,0.5680485209504073,-0.5180010208806093,0.037758632568449246,0.5601151427308028,-0.5155093828162248
0.0391586818375268,0.6331040062584558,-0.35554212389795536,0.16797343870779657,0.5453223385491052,-0.4299750230632148,0.24673072477957392,0.4339381255783715,-0.4890821478686652,0.30356333634039545,0.3477929033913293,-0.5439752838931403,0.38160769125601435,0.2855181493439355,-0.5900407187066398,0.0826462306656518,0.18161461731573725,-0.43730945655921316,0.1657811798729577,0.21941332003256464,-0.5017597577891669,0.17568943878790522,0.32597241779944086,-0.5340025029502234,0.1457943715729394,0.34499822041174555,-0.5545834205470405,-0.002379884513410091,0.21974496027609491,-0.43692727157691336,0.11395342132231379,0.30203215262076044,-0.4979873053155265,0.12925500651976252,0.41125355145117426,-0.5145831159673057,0.09022889515539789,0.4012952246346154,-0.5225921473822913,-0.06487949708321905,0.2982129254021325,-0.4451198778472266,0.05227796217581415,0.39207009455343866,-0.4959210805020652,0.07331905743261957,0.47403452774664545,-0.4909645817599616,0.03672025581976557,0.4587247171082177,-0.48518649259427404,-0.10782430091718054,0.3939642705597558,-0.46156462797740316,-0.005292495282681942,0.4796985783257165,-0.49068691352227545,0.024465898481813908,0.5302787818588891,-0.487787326367887,0.0002700485863366131,0.5200618900932946,-0.48251405874112463
0.006513303373111512,0.6210181771257055,-0.3477021671224634,0.13721147761131647,0.5455905853250158,-0.4030270555577147,0.2439432202317846,0.43549764737869623,-0.45107216551517126,0.34749770746017816,0.4026012478807104,-0.4983791054746973,0.43369609699036005,0.4231829105355871,-0.53839623346542,0.09622595295692804,0.17044437513138178,-0.42268333002542136,0.17057282314087274,0.2267892418840063,-0.48629824235652563,0.16716021880890253,0.32986975297714594,-0.5190374644062388,0.14082560524727228,0.3371073065736425,-0.5402675510904658,0.0031251369454992073,0.19226253614212396,-0.43071524217342017,0.11149579868103388,0.2922128497102392,-0.4906582029125559,0.11367372259880426,0.39845800981308344,-0.5065009535810816,0.07900652870918634,0.3812692223527563,-0.5150752903482783,-0.07094722404693243,0.25909358844543817,-0.44497228577350256,0.036605393741382386,0.37516892537857416,-0.49166108086322424,0.051705545041812684,0.4579879103639257,-0.4863439144155848,0.019238597009433533,0.4368533550241125,-0.48073988571380255,-0.12571440055583594,0.34150422200943353,-0.46687961533282873,-0.03138163104270575,0.44531649932648065,-0.49011702254031775,-0.0020790041944849236,0.5040965138414037,-0.48429208412383673,-0.02041172399734137,0.48873627767349603,-0.4782054068109858
-0.0011640253938561829,0.6245762642942542,-0.34857750453608916,0.1392503317915076,0.5395998295866126,-0.4015391382850534,0.239867740543949,0.4191422995649451,-0.4461984622753984,0.3353119429670447,0.36108248797284304,-0.4900299671567804,0.4283333357893103,0.34259461727963625,-0.5272826168216592,0.08497177925931154,0.1669565972410315,-0.42451918008698286,0.15014051762448488,0.23833399382458864,-0.48143789800776304,0.15739744273053347,0.3450068172536963,-0.5119049909986383,0.12822609511243044,0.35964011517392336,-0.5339298907197839,-0.014109260169399396,0.20179402199612795,-0.4340177911795503,0.08360409108029543,0.31322770682202516,-0.4807525638021356,0.102060043486225,0.4147831138692969,-0.4932899239934808,0.06829264131413637,0.39751588669644533,-0.5059858325399286,-0.08768994244707884,0.2828730281911963,-0.44907490792645277,0.01460640993939577,0.3981355365835303,-0.48667164775503935,0.03984104958401857,0.4766121443830603,-0.4766358796037561,0.005521499785053119,0.45735984412060915,-0.47397220763338865,-0.1407879802860147,0.3803148802839392,-0.4718830275811082,-0.04713765415324034,0.4843186673246497,-0.49439962836874785,-0.013634151545894757,0.5360782679639929,-0.48627834650648893,-0.03436434897555174,0.5211878356062049,-0.48129010829104246
0.008700079259739812,0.6213702326391801,-0.3446326259006294,0.15084699445711225,0.5237529044722185,-0.3967200452710524,0.247541344699727,0.3946053152655229,-0.43804805821432025,0.33483848625169843,0.31843767219530195,-0.4779058182860747,0.42200127893434614,0.27449909502016157,-0.510124408664836,0.08047554546342939,0.1704832082365617,-0.4224990392352477,0.15999589019762128,0.22460380846010297,-0.47830280012144,0.16925338560091108,0.32968989664064496,-0.5067537212993041,0.13762394243227094,0.3421494131659135,-0.5277995551253691,-0.014488839569224421,0.20625726037965864,-0.43132599538816363,0.09707335287080854,0.3024574881170854,-0.4838319951917067,0.11556888276086896,0.4030710821722612,-0.5001288140441313,0.07752976470934003,0.3903316622351274,-0.514694818320407,-0.08418702429784686,0.28924665504442304,-0.44493537491811663,0.02997101002679914,0.38875285440431684,-0.4902421916152373,0.05536637359605878,0.47197405153261274,-0.48317656761659533,0.018669105110035833,0.4587445622061357,-0.4808899397279158,-0.13383454925073535,0.38778493457780927,-0.4651591861869231,-0.030331813755168024,0.48284558111177533,-0.49577959722532183,0.006322271165715154,0.5347403054808244,-0.49215041941656024,-0.014064305486811701,0.5234428411100969,-0.4890110278750792
0.027045276432249576,0.6031019058515763,-0.34984383705143535,0.15718805459043744,0.49342125323316816,-0.3938176776776576,0.23491048481962445,0.35555106070539716,-0.42335919621684787,0.28271841671964887,0.2563780513097978,-0.4520278904149794,0.332125541238997,0.17187648680708173,-0.47495918306806323,0.07472186949751142,0.15357303288481,-0.41229181322553393,0.16746318009397748,0.23188715842268232,-0.462936814458158,0.17975431349775556,0.3255039420416093,-0.489636737437036,0.15219050314924482,0.3350237574865556,-0.5089937034557128,-0.016204300851609676,0.196697291403029,-0.42151408228376147,0.10856002238294843,0.3205937710096574,-0.46754797133901355,0.12473010685941938,0.4114739265730119,-0.48272903594472644,0.08830922511121991,0.40438264277479413,-0.49585126671293017,-0.08216810557344195,0.28325640824339154,-0.43551227781274554,0.040770944624159366,0.4024232592870927,-0.479715678424623,0.06231453683874372,0.47800838616392377,-0.4760014745900893,0.027292695312712223,0.4644321170141435,-0.47480143937566516,-0.1316258642385268,0.39013933804533246,-0.45485972198941943,-0.02914706203439471,0.48281109002134565,-0.4890244785259032,0.008824970989439518,0.5296033587743973,-0.48785275551774737,-0.0032923254678511316,0.5208343234350419,-0.484178009958055
0.033865891281251725,0.6019558830891893,-0.3510361502826671,0.16008680302250844,0.49234031874287587,-0.3936518320108606,0.2354229612981127,0.35351204115498525,-0.42227721970927257,0.28028892714131337,0.254799954477434,-0.45004946004998225,0.32655941683400136,0.16988211113560658,-0.47214439522873897,0.07339426118481618,0.15138375002491933,-0.41354653995883006,0.16735243040669423,0.23219232994664174,-0.4632290677393629,0.18077742296803456,0.3245361371671007,-0.48880609136473674,0.1527197881375597,0.33358763891804677,-0.5074346439207746,-0.018197514232511702,0.19505511957753163,-0.4230824039543821,0.10805582243550282,0.3214628620778368,-0.4678178654278471,0.1251382156049059,0.4106698556577013,-0.4824226574267103,0.0888719483052538,0.40287666756260854,-0.4954919294680311,-0.08362553280245799,0.2832779212628649,-0.43705624353539485,0.04105611878979665,0.4039327426587389,-0.48090448242079753,0.06379150587666493,0.4779965205823229,-0.47727672022234935,0.029004000011567888,0.4641652031575487,-0.4763540850247099,-0.1323589609230711,0.3929214997922228,-0.4561235682333662,-0.026532299932356063,0.4862772150670336,-0.49078170221697826,0.013201527181749162,0.5311604066525744,-0.4899691866005613,0.0015852971707628338,0.521519057336931,-0.48650702100646037
0.04788654981223134,0.6055642658290008,-0.347139920208635,0.16884270248976735,0.49920514164534596,-0.4073018698576352,0.24066099463072804,0.3571214967784026,-0.44967352660330745,0.295136480909262,0.2493309670504668,-0.48850426139267894,0.3594839268740752,0.16229531107512501,-0.5199429547968766,0.07601591883269337,0.15772733030882863,-0.4278828656855485,0.1658838087138274,0.25112488804427174,-0.48751172484787914,0.17837044535246876,0.3459046178874114,-0.5167354053440949,0.14538922844496754,0.3490527564105132,-0.5370449280920884,-0.015326351541604721,0.20660898027983693,-0.4320602199617288,0.10579511461821584,0.34268024502364186,-0.48316516043576213,0.12509110508528737,0.4350445562419036,-0.4948897367897889,0.08585095344153432,0.4174183898982146,-0.5059997743550202,-0.0798458761158845,0.298303931337271,-0.4429697102490327,0.03819987116423634,0.4234112196978667,-0.4902648931923768,0.06318616805640248,0.49302127895918874,-0.48204785646828624,0.027132987361822403,0.46994635401335744,-0.47859984697731944,-0.1276172554675004,0.40745893059340504,-0.4610823846045396,-0.028063238281335556,0.5108967715319732,-0.4959007656756303,0.007936506849203384,0.5505323105868438,-0.4941409087363145,-0.011163026708688462,0.5323270851191619,-0.4909651285591981
0.05127085924906505,0.6038162875251271,-0.34618224906230244,0.1727956104354359,0.49080880165858043,-0.4017426204605602,0.24209948063654674,0.3310917782859303,-0.436390778116753,0.28784509182734264,0.2098339963035084,-0.4679036942048572,0.34236039400858653,0.10963739634318126,-0.49277180253701436,0.07858525396151317,0.14440755725664867,-0.4177398440166019,0.17704011679453624,0.23133941174311412,-0.47475193261342274,0.18652422905726207,0.3257867264823414,-0.5053015333338283,0.15175654173655284,0.33104391575617564,-0.5270141941233181,-0.012282444231083267,0.19468923092646373,-0.421984022550156,0.11938317299647105,0.32663460255427135,-0.47173137783246266,0.13539190769953502,0.4135909843520619,-0.48672187148766743,0.09522630453867686,0.401283340461681,-0.500257192246487,-0.07571057795720326,0.2869137096480824,-0.43262051611380803,0.0506088006572224,0.4107780027465321,-0.47882918833928334,0.07351075292391551,0.47912587405009044,-0.473229302160313,0.037200229175517685,0.4614236521796681,-0.47131432413296925,-0.12226305722432362,0.39605041027827037,-0.44999269216494786,-0.012479974023868912,0.49700232029719127,-0.4854523670597576,0.02285365939898265,0.5371374058799244,-0.4854474496765636,0.0036753583030201264,0.5225398111419178,-0.4829479736013912
0.06662412223424924,0.6008811467608453,-0.3507945061405266,0.1813991540392877,0.4788280003985406,-0.39154260742459285,0.2271418446024896,0.3027954572161676,-0.4122919640222548,0.2513733380755426,0.16680632767286313,-0.43160974743757236,0.2866435521563531,0.05409364637937558,-0.44569580021295535,0.07043342527952207,0.1489581936320306,-0.40281547742876994,0.16801373896207822,0.2266993397196771,-0.45317068460378634,0.18340741333570493,0.31178008255567563,-0.48141881587896335,0.15639369425382627,0.3149297707995416,-0.501646561054325,-0.018285465864276762,0.19927458700742734,-0.4094241386929511,0.11187918719854367,0.31892989811506284,-0.45288823309335696,0.13133614000883115,0.39992402729597104,-0.4654391384402274,0.09633074936475766,0.39188097652997983,-0.4769379771033286,-0.07879902186784732,0.29007594523038877,-0.42194077881965625,0.045313315959835176,0.40680109200086606,-0.46319811555538165,0.06927083668317807,0.46960585054960263,-0.45792776855621325,0.03652502832021726,0.4522170299014093,-0.45652109148893344,-0.12244024637136447,0.3966025584658624,-0.4399271732846259,-0.017630947259998198,0.49494795736875546,-0.473544602719879,0.016870158286953096,0.5326277488192559,-0.4751975140253066,-0.0010804659405707073,0.5186024182757378,-0.474048910168743
0.06571312698651893,0.6022053256921922,-0.3558252002460918,0.17759030017186744,0.4687976137094651,-0.38882544559310334,0.20785110148717506,0.28448920401860817,-0.40351265963982,0.21814565810491188,0.15012525471974952,-0.4178860105283107,0.24853663596440895,0.04046099337865455,-0.42838736918638604,0.06242268237401588,0.15320997390081031,-0.4026610918052043,0.1635743275575791,0.2422370210580979,-0.4546264588541831,0.17693298014928444,0.3286194697313462,-0.4859307959384765,0.147316981881157,0.3289166584901963,-0.5087171151943053,-0.02454490509699242,0.2097549334459458,-0.41194536832044976,0.11164631399442299,0.3341383233957444,-0.45721259263227837,0.12859987172414405,0.4120485082559739,-0.4718628704256858,0.09227531108190162,0.40242420586873634,-0.48452558663557427,-0.08062643852899926,0.30419050607015236,-0.42660136815975563,0.050406713812843396,0.42791872176457985,-0.470845158369049,0.07233398112584694,0.48878913077642067,-0.4681969612545814,0.03593062314321144,0.4716675177507554,-0.46781553623150246,-0.11964924183557885,0.4130114212923203,-0.445850263506874,-0.010218243271812366,0.5174239769869005,-0.48262993541429894,0.02081560048390968,0.5519899621896898,-0.4871032342023696,-0.003255258471473621,0.5343257084779893,-0.48758153167436974
0.06547595537041784,0.6092857865128434,-0.35063814404388327,0.1690115479264176,0.4837651995453751,-0.39746971079374194,0.18063755309914709,0.30347956693505407,-0.4151249753799522,0.16203506267403722,0.16667349613045812,-0.4285686912503326,0.16433109319543004,0.04733403003548742,-0.4369377719726646,0.05594499385689855,0.1685527709755814,-0.4118959123756969,0.16745169437264562,0.2659256604943192,-0.47440396272803187,0.17359454906319738,0.3436653760704911,-0.5072848948206985,0.13376452005242467,0.3381612447533524,-0.5290993454423034,-0.030412033435353036,0.22751368558739782,-0.41426768922472834,0.11892844713067174,0.3629030731949723,-0.47161523276234507,0.12885023629998327,0.4321062711510575,-0.48355133855009913,0.08495004451607824,0.4164095667633927,-0.49037918471957087,-0.08674253546858668,0.3230807331833756,-0.42443224811221003,0.0503511873516953,0.4583079365525162,-0.47882784926558375,0.07113935029839635,0.5091287640366471,-0.470479004320153,0.035350098970881705,0.4824466255936539,-0.46214277320767283,-0.12620927416945338,0.4350736883912003,-0.44072910421753764,-0.014360025760182138,0.5491128710541642,-0.4870958181586349,0.013900354269496207,0.5782374886307633,-0.4935043009486282,-0.011608228322514291,0.5526496914658463,-0.4917501660552108
0.05113652837153154,0.5966646720158644,-0.3486119446287978,0.1560047317730971,0.5046669293629713,-0.39680223050836844,0.18038499843950945,0.34624100220080095,-0.41651605326060576,0.16240996610995012,0.22375792753573137,-0.43091212469462675,0.16551179182406145,0.11792743694658953,-0.4396513651621751,0.06641608965273577,0.17052191984530168,-0.409805896462243,0.16134250652666765,0.2690458942639418,-0.4704930062902383,0.166177992938716,0.35427779447909075,-0.5019980322134905,0.13080651056643205,0.3465046931492873,-0.521823505641263,-0.024861092449467603,0.21960640442248064,-0.41136413324002546,0.102144812463481,0.35317910206194597,-0.4647680770171098,0.11434400570269304,0.4333393026578017,-0.47498388099793715,0.07686788332339006,0.4115119625317641,-0.4802303265345506,-0.08734645950917524,0.3079548526990004,-0.42057179170970244,0.032825832484919604,0.44256145250673967,-0.472760277570527,0.05745172989245134,0.49961823713656145,-0.4645564134729318,0.026445810912806567,0.4709388662564345,-0.4561658527267389,-0.1330832343113832,0.4126926709401198,-0.43546438473586363,-0.032403195978444044,0.5285334635960646,-0.47851521778229994,-0.0025805782092027107,0.5634886671292372,-0.4820996623051576,-0.024298156381886427,0.5378210593449659,-0.4784586082709245
0.05711879081407856,0.576922195622123,-0.3267123245352451,0.17279766745249103,0.5231060559240944,-0.3904950221689575,0.24087067193666767,0.3513025814978249,-0.41287634276469876,0.26749463624636005,0.21515210218111347,-0.42816860728582073,0.3256835514990456,0.11959316081682514,-0.43370899312814404,0.15474958963075947,0.14512814826647114,-0.36876414470990826,0.1841069037405617,0.2206090862242348,-0.42868011944612194,0.17355878896395038,0.32425125188509296,-0.45804258935769726,0.1487271065203316,0.3174973899809487,-0.4758552735360496,0.056909995743430364,0.13968314475694965,-0.36304068320115734,0.09712465352693866,0.26116056985536884,-0.42082953952869107,0.10803054518381427,0.37527986116091083,-0.4297658031495445,0.09226010985056232,0.35043658561388324,-0.42914806806167294,-0.02880866580327679,0.1861099774328835,-0.36934007459005047,0.009417789646781194,0.3177072579352028,-0.42792612068971325,0.03629981226602863,0.4138263041464455,-0.41690806799253155,0.031841474243796575,0.3837500388113625,-0.40282343827804257,-0.1013988082917564,0.25111909455934833,-0.3828847122999065,-0.06966267280896832,0.3726970726935036,-0.4214995851429336,-0.03368039183934857,0.4469969446150429,-0.41862580679973294,-0.02656395488103558,0.4270142490355141,-0.4101253499897354
0.02574576004751239,0.5408043669105342,-0.2944546825516039,0.14346308573492084,0.5252181099296382,-0.36687954947940793,0.23952678903348956,0.37946967347868,-0.3938808633445927,0.2845991657615474,0.244057338082867,-0.41092166737310376,0.3566490815521053,0.16363255246885333,-0.41743793026201215,0.19542572959669147,0.15301958783872638,-0.353142072117252,0.1970697449088863,0.22611288293607745,-0.41314337835304227,0.1720257209182552,0.32428018316038165,-0.4384557201027104,0.15103338226087604,0.3056047366500667,-0.4545401378034779,0.09830219610937152,0.11622707113035236,-0.3443741767167279,0.09747321470983539,0.23689876064069781,-0.4051014079212376,0.09293899997480426,0.3560359881759456,-0.41368905887596097,0.08572108610876117,0.31821111902006183,-0.41322814360849347,0.004888068282680846,0.13766125901945148,-0.34725455254904714,0.0036900447250178825,0.26303700670011554,-0.41028108880512204,0.01854295595891986,0.3730956123710445,-0.39800068423740353,0.024946193540172912,0.33860741122968707,-0.38331011370412793,-0.07672578529111829,0.18384478553541217,-0.35750014767639127,-0.07600382403127637,0.31033293470151935,-0.4023219017743298,-0.04977423385374036,0.39429811700590167,-0.40207470641128507,-0.03532667890779462,0.37053398355253253,-0.39520219401113477
-0.03004067223324519,0.4659048708175208,-0.2548504394754088,0.0788656862472083,0.5066406520103004,-0.34915215354218226,0.20346794445262212,0.4292641671393897,-0.38928717952027064,0.28712479192958135,0.3256755860541846,-0.41479278188004237,0.38630936462626714,0.29496101457820195,-0.42771070282711726,0.2351868839953925,0.19013948161349553,-0.32837339322819453,0.18538526613459844,0.24442268330798406,-0.3917398659492944,0.14619053323016423,0.31557009536967534,-0.4147524444366906,0.1521674783919837,0.2914737256263282,-0.42694944720520717,0.16099084336505193,0.10552511532054204,-0.30760973151578647,0.09018633682475347,0.20146323163256902,-0.3719488961602662,0.06667686421618718,0.3141946585868384,-0.3743431029821847,0.09222398121104497,0.285987237284043,-0.3654053715969537,0.07103074509845037,0.07450048048243779,-0.30113709922685367,0.0011125894282843496,0.1810477169250037,-0.36768381874813777,-0.0033778754974816416,0.29172299225077886,-0.35440823267950755,0.030440429041245165,0.27158383447871465,-0.3354971988107179,-0.014460107495925245,0.07110295612559575,-0.30391590874447566,-0.07280926983608943,0.1722022684310462,-0.3490430844928239,-0.06937207858814937,0.2659765275214698,-0.3492436839248155,-0.04003050010456782,0.26153580267176885,-0.34031979571833354
-0.020122659620772948,0.3313348169951328,-0.20986351632860165,0.06859331089543189,0.4073843832640537,-0.30128457140637555,0.1941919799475559,0.38891576487110935,-0.3427776221604458,0.2961467381148227,0.3460249181418308,-0.3707616005511395,0.39119170862721286,0.387709486070145,-0.38588146608782925,0.2777992661623844,0.16687603551434363,-0.28238837164355435,0.21043019253300513,0.17817650991963233,-0.3464141313405148,0.16071151453541602,0.23433079082058753,-0.36935372394038357,0.18399583059834326,0.23178325850056494,-0.38104399782134213,0.23091049748944129,0.06499706465290869,-0.26382345822168507,0.13909416157292212,0.10335563379811133,-0.3302754138083569,0.0912193830637821,0.2026947911410221,-0.331298222062122,0.12713502604054297,0.19881822425412024,-0.3203966666431538,0.15788905579136694,0.0022434617905505994,-0.25921780359460034,0.06920437771366919,0.05097674089955176,-0.3271214414806477,0.03937177616642798,0.15164147573994483,-0.3134740192861668,0.08054952580021704,0.14916129666851843,-0.2932074491353146,0.08326266962574805,-0.035171565827857604,-0.2637277778656594,0.0100569303660282,0.01553185540722693,-0.30631724488450207,-0.009358567413817992,0.10349180060910071,-0.3041395593853108,0.019778626742828737,0.11421372252987708,-0.2937737528653256
0.014849915638797201,0.2742781783493685,-0.19456906734350224,0.08999700798117391,0.35547278775297875,-0.29106392012513405,0.20212943805777303,0.3571130479725527,-0.34093570755398994,0.3012056793125796,0.33699826850020165,-0.3763095145074201,0.3885364974888491,0.39780674828612084,-0.3979201321450544,0.3169236625584292,0.1626331950577425,-0.2870556344238592,0.2447666968258547,0.1550139929207491,-0.3549724821893049,0.1894571925553011,0.2011052216442751,-0.3745880131570173,0.20904265297972432,0.20595289720618,-0.3834194694606138,0.27879176987730736,0.05412647081934682,-0.2685069148389173,0.186330094471805,0.07035662187659017,-0.33908934937394386,0.12554170145117513,0.15846110834204427,-0.336123928889401,0.16168506397330037,0.16065816535078756,-0.3225223277655912,0.2134352768810915,-0.02000972674763926,-0.2636084114161802,0.12113569630705587,0.01293559326254598,-0.3339082305280042,0.08036385430418722,0.10429267539107076,-0.31592679814971214,0.12007479323469869,0.11030287994467489,-0.2935086195317579,0.14451731695257894,-0.06852597044385203,-0.2684887354222608,0.06502713216864339,-0.029925346836216532,-0.3141887937632871,0.03669086052500478,0.0510539407881426,-0.3120872010437322,0.06513006939017049,0.06525467290007345,-0.30219454364455467
0.04292287108901455,0.5904927718401285,-0.37434581884182144,-0.04296181919571446,0.42838023779395534,-0.37253952583350675,-0.06296999576088474,0.2451019155741067,-0.37359417437628345,-0.08143879296776341,0.10031186220649196,-0.3733104580133824,-0.13877183022495793,0.036326723074945944,-0.370608902867478,0.05638338801864101,0.14199702618125393,-0.37719741520058797,0.0639832782507272,0.11598171470168545,-0.3568475433677106,0.04529534456733181,0.18082784292701198,-0.34453141140338467,0.03244124529365017,0.22684656260016872,-0.34153318601247357,0.14247100231650783,0.19009708044532253,-0.3788154722243218,0.12655441639426662,0.17146633741858913,-0.3475285098939805,0.100628571486506,0.226881252503428,-0.3376956750690608,0.09028516886237575,0.2781526911020608,-0.34145473884936856,0.20767329809668972,0.26504258987906887,-0.37530141252145605,0.17796902534964992,0.25122200129035427,-0.34747916097339676,0.15574579117301418,0.2942601310968728,-0.3349340726673274,0.14103590128425075,0.34304653284553005,-0.3377294895290999,0.2542036640405984,0.34086577770713283,-0.3710882797423421,0.2287232148409219,0.321133064007792,-0.3470776622235446,0.20391129133704616,0.3597478139162393,-0.3254456986725001,0.19195549366477443,0.39876245138648464,-0.3139263001322417
-0.03795943433596444,0.5246029121224707,-0.35864930888425756,-0.049815811460750814,0.3498668295686071,-0.35429546680479,-0.015241064375179525,0.1789775711839025,-0.35573114106609177,0.011122785264713053,0.04993804519818473,-0.3555264386924977,-0.016922243183391805,-0.029765255993145223,-0.35090076528667163,0.034907720739108805,0.13717301910565544,-0.3807955554331715,0.14109127944157768,0.12568851535962272,-0.3862322273309405,0.1280815524403875,0.17869456833050895,-0.38188762614681077,0.08822619145558525,0.19990619247601676,-0.37902389491154503,0.09215041225598503,0.21366842811749626,-0.3906432355399306,0.18173476284192253,0.19253786628888298,-0.3825141231174643,0.16407211845563102,0.24319597309277702,-0.3702882074396188,0.12480049555943656,0.2675095421616857,-0.3672660722042496,0.14551153009579826,0.30382832115338493,-0.397522926574486,0.21311863487408805,0.28168775861905265,-0.3880631739850218,0.19067778413937736,0.32513239210293937,-0.3664046654122944,0.15139272039578605,0.34919168775723625,-0.3585679225399803,0.1875932437722509,0.3970925432984655,-0.40377843031837296,0.22853275364087272,0.3747962338273351,-0.39178551012827706,0.20222999876187492,0.411532006913883,-0.36905165413572144,0.17198934381650138,0.43141647403882194,-0.3550380533672
-0.08667325784813329,0.5663129110132559,-0.34977663738618503,-0.08865093996178075,0.39756310174811915,-0.3626547483484046,-0.023099003335346424,0.2191453594957693,-0.37851733153115674,0.033204140165935314,0.08440607974876002,-0.39106855725299283,0.03839332054008082,-0.024451343318332874,-0.3968812245632307,-0.002958772679676258,0.19499010036338404,-0.40626552139769956,0.14529031703818873,0.17012864539969996,-0.44022171010624334,0.11578872988570765,0.216980280378948,-0.4505698885525362,0.062355252007137096,0.24075168559897975,-0.4520584624017374,0.03808030674804286,0.30967366884101466,-0.4161644782627718,0.17583674381126002,0.2602340597902639,-0.43349060972582265,0.14132154176581935,0.29902112672675685,-0.4247087593878405,0.09139129708159999,0.3230342287813528,-0.42007452060829564,0.07898014972556666,0.423120679358135,-0.4257849883044855,0.19282484243262843,0.3657212276254995,-0.4366934131587641,0.1556770224367483,0.4006106872354849,-0.40828501989494725,0.1100806314741476,0.42280554960120753,-0.3914271536971228,0.11433869788993434,0.5244946498667105,-0.4357900302613871,0.19290471265662745,0.4642296452318533,-0.432336388131489,0.1567245740686758,0.49553621003974513,-0.401929197808613,0.1204280276094778,0.5196932573114736,-0.38154150356899663
-0.17438972152930754,0.5919695033861969,-0.35816918661137587,-0.15102346398097533,0.4315466418101166,-0.38434260867697256,-0.0463041529820587,0.2762387528254364,-0.4082058162258293,0.043774111492810075,0.17153699539440614,-0.42553773679000395,0.07873155020016176,0.06224377296703798,-0.4329930857585098,-0.06003721214992064,0.2794285549952362,-0.4513271466658737,0.12490738771694643,0.26944799564617616,-0.4966634974644806,0.08677314065235597,0.2981203331782196,-0.5040627286599304,0.026173396332440202,0.3113264574839447,-0.49889761366111296,-0.04432629205447691,0.41309721611278993,-0.4554251671598579,0.14096779964703066,0.3782799377276276,-0.4854211375878479,0.09521131060856325,0.3893742098643158,-0.4681137890384819,0.036888642533001725,0.4029600753619049,-0.45442938216191786,-0.023999737279238875,0.5337206854655121,-0.45978089578610915,0.13774655602711183,0.488501085264859,-0.47631157346231,0.0897517039610718,0.49550385616558534,-0.43733229644757765,0.03668503306644899,0.5081868901087616,-0.41133718721729773,0.000674976332363908,0.6366167797877167,-0.46601442404252547,0.13191206596630556,0.5811026825739716,-0.4619423613713409,0.08820463560360414,0.5869440569712494,-0.4264441446231033,0.037572069389996354,0.6036980285479401,-0.4029865317807819
-0.15320761163860314,0.5099329535183335,-0.3343560928161475,-0.12619027157455437,0.3414820615467454,-0.3511331159356212,-0.014497559863624498,0.20564504305690773,-0.3727766390624618,0.08382489125103004,0.13667931000560768,-0.3888370547178363,0.15246056358188637,0.0858800892052079,-0.39667750184565537,-0.03427199681430809,0.22243787686199196,-0.42422937263875954,0.1410454694446946,0.2461952153858567,-0.4604610319915389,0.12451298872798927,0.23767508904308327,-0.46321141381889336,0.07617487351268776,0.22842921654552467,-0.4558481167736625,-0.03528464992671959,0.35456742684215553,-0.42937133868366234,0.13602952997058876,0.3610600415882493,-0.44871364195972435,0.11935566703647621,0.3365851823505784,-0.428156834441719,0.08138154785007484,0.32440461556285866,-0.4154549207273101,-0.029208463031349108,0.4825620834049607,-0.4331596757951354,0.12862198392719276,0.46439119021266945,-0.4420928772273635,0.10872768203586586,0.4425794068989182,-0.4099426980796432,0.06831281225055702,0.4299063865360642,-0.3903385478737926,-0.015514802533683703,0.5935679260906601,-0.43778183718353264,0.11655916611522682,0.5563255731281662,-0.43117183854013436,0.09719176928371437,0.5351415459331894,-0.40309863199621193,0.054155815046730116,0.5266781632122421,-0.38549261947303765
-0.14369928490647577,0.44935840714445807,-0.29851270881998526,-0.07399105679520868,0.29250610220900275,-0.3155486083430936,0.043399963264376895,0.1929031645106385,-0.3458699512136867,0.1401859854506562,0.16123116362562873,-0.3741154040051391,0.21605956900587775,0.1546277736472199,-0.39485509347447656,-0.0017964209271361664,0.20095062602034308,-0.4027563596917083,0.1640693579958985,0.2878900204943726,-0.45466306459435724,0.13834905970564582,0.27989197123518683,-0.46950108956822656,0.09195563543310858,0.24496507990828253,-0.4734860176993301,-0.04282709609994195,0.3190434013651917,-0.41829378556737207,0.15221554387083747,0.3898241554545472,-0.46372380506524347,0.1096322869109223,0.36895209897032477,-0.45090844881066583,0.0535896753119538,0.34392512190809943,-0.44272511851319574,-0.06083713125714563,0.43716115105620124,-0.4325512463999679,0.11915609586706855,0.4871799980448792,-0.4571167345000198,0.07514921176901557,0.4614956413554261,-0.42034986269006036,0.019644770507724063,0.43384755003920294,-0.3978493700576713,-0.0700164551688125,0.5432364379214356,-0.4492966349078109,0.08216408241263129,0.5690257583903382,-0.45074617516526483,0.04970926392546393,0.5438916121768067,-0.4207351173115661,-0.006093289966671689,0.5184493099497864,-0.40277171533831857
0.0013605097360738228,0.38920645807458243,-0.2240414663646959,0.09308086727334342,0.387031067354215,-0.3023312499694697,0.16891871784402213,0.33880882356835684,-0.34703965838478723,0.20087959263993582,0.29588567112161,-0.3792238941364161,0.19015644882394156,0.2510289738006719,-0.40368018652723947,0.09655647371484122,0.14583991859628043,-0.35385660435484567,0.1252226719684728,0.3433049807376989,-0.4248154422216288,0.12239043806268057,0.37190728281213126,-0.4616645386390559,0.11101638172341666,0.3293579706974157,-0.4854313543014399,-0.003779362695681243,0.1547651777095922,-0.34306752290056863,0.047187078935635896,0.39897130821420035,-0.4021879097394816,0.06244020555688223,0.39555822704507193,-0.40575886871145883,0.05740805361939749,0.33309398983193717,-0.4092548599414698,-0.08293072487639108,0.20803098772240958,-0.33978130276726404,-0.030465375440584808,0.4339659104175695,-0.38592414166258493,-0.00845965351389566,0.4253383765049108,-0.3620325883798472,-0.00905862058924356,0.36050413940621695,-0.3447402005963198,-0.14310375954435983,0.2768809685535558,-0.34724471326397577,-0.09630469586180368,0.44647871349526724,-0.3904809912614695,-0.07191676999853769,0.44856207464410147,-0.3937141558103434,-0.06692634131239572,0.3988380322284826,-0.3907595386676661
0.012274511859119208,0.458421655699909,-0.2547772067076144,0.09885106305807856,0.49260897259444025,-0.3464906655696032,0.18595955590933588,0.46384687046736506,-0.3941808559444544,0.2186074934455755,0.38893718342512873,-0.42599604208737585,0.22629655222624567,0.29942447762221125,-0.4475095488575098,0.20149881462782648,0.20067859511107233,-0.36846409667998525,0.13307709316939142,0.31156999687880305,-0.43988855858117315,0.1167734942886236,0.37261600117415217,-0.47243990679055425,0.12753254990309504,0.3549655757400396,-0.489787093594372,0.12331221322745112,0.14243046264380244,-0.350250504210293,0.05681229452818659,0.28687346796721247,-0.41641841013699743,0.05856747250288752,0.3636917553398016,-0.42507713218003484,0.0797496221515539,0.34559369902342585,-0.42503499169617864,0.045030661627948554,0.13492698292464045,-0.3418836363103983,-0.01561742205888006,0.2849856696578863,-0.4018735059049723,-0.0026120461967584774,0.36137539963454035,-0.3862871595171091,0.02423221688002375,0.3511535606834295,-0.3691892020848391,-0.025594136908352105,0.15577066759794977,-0.3433163159039614,-0.06927236099511358,0.2788746438476446,-0.38959868927270147,-0.05351755697995397,0.34858221630781916,-0.39023884315758917,-0.025679997399151056,0.3470257602187994,-0.3819333382394907
0.005223075685385381,0.47068665438640467,-0.22643631177542345,0.09692869597423426,0.48225967102992884,-0.3218151975299085,0.18357873970020167,0.3894710343455111,-0.36112657672416815,0.2289137046908175,0.2810965579127108,-0.3827721226836408,0.30165765696514,0.216925869521979,-0.39171314722549566,0.15796507411945215,0.16271493845928064,-0.32069062179577,0.10821263009059778,0.23268664890277735,-0.38104849046718725,0.10200456791866175,0.3107236426447665,-0.4003891993190015,0.11610780173290125,0.29527209216106287,-0.40861143654834875,0.0814033847426211,0.11594615393627039,-0.2961627814794744,0.022984276351812993,0.23609993868816248,-0.357300182047006,0.035221288738135015,0.33676342183101526,-0.35858202463638433,0.05742330366123072,0.3136436145876681,-0.3500158313537801,0.004979903635862981,0.11926142388332239,-0.2834589753175939,-0.04523313528549322,0.24282301479328028,-0.3442146528388227,-0.022583891811486567,0.3313510816668307,-0.33020722604047903,0.005117664871100103,0.30721155816066614,-0.3113052893305982,-0.06163539475452551,0.14788160735118738,-0.2799318071330751,-0.09607069677364477,0.2522230547045504,-0.3224563274408544,-0.07121758646022924,0.32936517411220423,-0.32181340939056524,-0.04568431264412054,0.32217339688289515,-0.31182569003355154
0.045027370247000376,0.5059677312699495,-0.2600950997826867,0.14859869578754298,0.44814258316432826,-0.31713847568357595,0.1992190430489718,0.2726029107896029,-0.3330183823975385,0.20650147894298426,0.14112707475101344,-0.3410608073147596,0.2511427948800265,0.0583140800324618,-0.3397225414785207,0.105819279941672,0.11182945469295374,-0.2983906952115358,0.1261250923005282,0.15478857854282252,-0.3492938925894559,0.1319418499795138,0.24825942018901698,-0.3716274698647321,0.12203630307590357,0.24450897673045985,-0.38437649360025533,0.02008628347789637,0.11863821247493617,-0.2902120159390033,0.051914925369375864,0.2083394477692782,-0.3414620061787427,0.07579516867076747,0.30809574821864955,-0.34832736602152,0.0681487272111117,0.28505831459438197,-0.345316735413915,-0.04968601962650426,0.16703509786998622,-0.292583533880359,-0.012163554635888418,0.2774838755456149,-0.3438651685985387,0.025381977352255503,0.3576970646706759,-0.3351335798772634,0.027232165130728403,0.3288483569947421,-0.3221252945634187,-0.10484517118061193,0.2287235210267245,-0.30109322568500646,-0.06604832908237585,0.33573275307094447,-0.3338738655122579,-0.025285517183190664,0.39820128181850306,-0.33322556069219716,-0.01729001602256902,0.3794273684350192,-0.3265321900519193
